sale_id,event_id,customer_id,reseller_id,sale_date,ticket_type,quantity,unit_price,discount_amount,gross_revenue,net_revenue,payment_status,created_at,updated_at
1,46,282,1,2024-11-28,VIP,1,100.0,10.0,100.0,90.0,Paid,2024-11-28T00:00:00,2024-11-29T00:00:00
2,46,103,1,2024-10-25,Premium,2,100.0,10.0,200.0,190.0,Paid,2024-10-25T00:00:00,2024-10-28T00:00:00
3,2,283,7,2024-07-28,Premium,5,90.0,45.0,450.0,405.0,Pending,2024-07-28T00:00:00,2024-07-28T00:00:00
4,5,295,6,2024-11-19,Standard,4,110.0,66.0,440.0,374.0,Paid,2024-11-19T00:00:00,2024-11-21T00:00:00
5,42,283,2,2024-11-07,Premium,4,55.0,22.0,220.0,198.0,Paid,2024-11-07T00:00:00,2024-11-10T00:00:00
6,33,85,4,2024-04-12,Premium,1,40.0,2.0,40.0,38.0,Paid,2024-04-12T00:00:00,2024-04-17T00:00:00
7,15,101,4,2024-09-23,VIP,5,200.0,0.0,1000.0,1000.0,Paid,2024-09-23T00:00:00,2024-09-28T00:00:00
8,20,298,9,2024-10-03,Premium,5,80.0,20.0,400.0,380.0,Paid,2024-10-03T00:00:00,2024-10-08T00:00:00
9,40,42,,2024-08-08,Standard,5,50.0,0.0,250.0,250.0,Pending,2024-08-08T00:00:00,2024-08-10T00:00:00
10,42,280,7,2024-10-21,VIP,5,55.0,0.0,275.0,275.0,Paid,2024-10-21T00:00:00,2024-10-24T00:00:00
11,16,31,1,2024-06-09,Premium,4,50.0,30.0,200.0,170.0,Refunded,2024-06-09T00:00:00,2024-06-12T00:00:00
12,31,164,5,2024-07-05,VIP,2,50.0,5.0,100.0,95.0,Refunded,2024-07-05T00:00:00,2024-07-06T00:00:00
13,49,124,5,2024-12-04,Early Bird,5,120.0,0.0,600.0,600.0,Paid,2024-12-04T00:00:00,2024-12-06T00:00:00
14,29,197,4,2024-12-23,Early Bird,2,120.0,0.0,240.0,240.0,Paid,2024-12-23T00:00:00,2024-12-24T00:00:00
15,53,256,2,2024-09-10,Early Bird,5,150.0,37.5,750.0,712.5,Refunded,2024-09-10T00:00:00,2024-09-12T00:00:00
16,32,111,3,2024-11-07,VIP,1,165.0,24.75,165.0,140.25,Paid,2024-11-07T00:00:00,2024-11-07T00:00:00
17,19,5,8,2024-11-12,Standard,5,110.0,55.0,550.0,495.0,Refunded,2024-11-12T00:00:00,2024-11-13T00:00:00
18,57,206,,2024-11-17,Standard,3,82.5,24.75,247.5,222.75,Pending,2024-11-17T00:00:00,2024-11-21T00:00:00
19,13,259,6,2024-12-04,Early Bird,5,100.0,0.0,500.0,500.0,Pending,2024-12-04T00:00:00,2024-12-06T00:00:00
20,53,202,1,2024-08-03,VIP,5,120.0,30.0,600.0,570.0,Paid,2024-08-03T00:00:00,2024-08-07T00:00:00
21,24,21,8,2024-06-13,Standard,2,67.5,20.25,135.0,114.75,Paid,2024-06-13T00:00:00,2024-06-14T00:00:00
22,46,264,2,2024-12-12,Premium,4,120.0,72.0,480.0,408.0,Paid,2024-12-12T00:00:00,2024-12-16T00:00:00
23,21,173,9,2024-11-26,Early Bird,4,240.0,96.0,960.0,864.0,Pending,2024-11-26T00:00:00,2024-11-28T00:00:00
24,31,57,10,2024-05-21,Early Bird,1,50.0,5.0,50.0,45.0,Pending,2024-05-21T00:00:00,2024-05-23T00:00:00
25,51,297,4,2024-03-27,Premium,1,120.0,18.0,120.0,102.0,Paid,2024-03-27T00:00:00,2024-03-31T00:00:00
26,31,125,2,2024-08-12,Standard,5,60.0,45.0,300.0,255.0,Pending,2024-08-12T00:00:00,2024-08-17T00:00:00
27,8,78,6,2024-12-22,Early Bird,1,220.0,22.0,220.0,198.0,Paid,2024-12-22T00:00:00,2024-12-25T00:00:00
28,33,266,2,2024-04-29,Premium,5,55.0,0.0,275.0,275.0,Pending,2024-04-29T00:00:00,2024-05-01T00:00:00
29,43,236,2,2024-08-03,VIP,5,82.5,41.25,412.5,371.25,Pending,2024-08-03T00:00:00,2024-08-05T00:00:00
30,44,127,3,2024-08-31,VIP,3,60.0,27.0,180.0,153.0,Pending,2024-08-31T00:00:00,2024-09-02T00:00:00
31,15,246,5,2024-09-29,VIP,3,180.0,81.0,540.0,459.0,Pending,2024-09-29T00:00:00,2024-10-04T00:00:00
32,18,177,6,2024-09-14,Premium,1,120.0,18.0,120.0,102.0,Paid,2024-09-14T00:00:00,2024-09-14T00:00:00
33,19,132,10,2024-10-15,Early Bird,1,100.0,15.0,100.0,85.0,Paid,2024-10-15T00:00:00,2024-10-16T00:00:00
34,53,56,2,2024-08-14,Premium,3,180.0,54.0,540.0,486.0,Paid,2024-08-14T00:00:00,2024-08-14T00:00:00
35,43,52,,2024-06-10,Early Bird,5,67.5,16.88,337.5,320.62,Paid,2024-06-10T00:00:00,2024-06-15T00:00:00
36,31,244,6,2024-08-21,Early Bird,2,40.0,4.0,80.0,76.0,Paid,2024-08-21T00:00:00,2024-08-23T00:00:00
37,21,20,8,2024-11-10,Premium,1,160.0,8.0,160.0,152.0,Refunded,2024-11-10T00:00:00,2024-11-11T00:00:00
38,60,149,2,2024-05-17,Standard,1,165.0,24.75,165.0,140.25,Paid,2024-05-17T00:00:00,2024-05-19T00:00:00
39,37,279,7,2024-05-04,Early Bird,1,250.0,25.0,250.0,225.0,Paid,2024-05-04T00:00:00,2024-05-08T00:00:00
40,30,235,2,2024-12-12,VIP,2,160.0,32.0,320.0,288.0,Paid,2024-12-12T00:00:00,2024-12-12T00:00:00
41,48,208,2,2024-05-27,Early Bird,3,120.0,18.0,360.0,342.0,Pending,2024-05-27T00:00:00,2024-05-29T00:00:00
42,6,166,7,2024-10-15,Premium,1,45.0,2.25,45.0,42.75,Paid,2024-10-15T00:00:00,2024-10-17T00:00:00
43,25,299,4,2024-06-19,Standard,4,200.0,80.0,800.0,720.0,Paid,2024-06-19T00:00:00,2024-06-24T00:00:00
44,24,158,7,2024-06-21,Premium,2,60.0,0.0,120.0,120.0,Refunded,2024-06-21T00:00:00,2024-06-26T00:00:00
45,33,114,5,2024-04-10,Premium,3,40.0,12.0,120.0,108.0,Paid,2024-04-10T00:00:00,2024-04-13T00:00:00
46,10,242,8,2024-06-22,Premium,5,250.0,187.5,1250.0,1062.5,Paid,2024-06-22T00:00:00,2024-06-27T00:00:00
47,49,186,8,2024-11-05,Standard,1,120.0,18.0,120.0,102.0,Pending,2024-11-05T00:00:00,2024-11-05T00:00:00
48,4,275,9,2024-03-26,Premium,5,180.0,45.0,900.0,855.0,Paid,2024-03-26T00:00:00,2024-03-28T00:00:00
49,55,251,9,2024-10-15,Standard,4,120.0,24.0,480.0,456.0,Pending,2024-10-15T00:00:00,2024-10-18T00:00:00
50,52,289,7,2024-09-14,Standard,4,135.0,81.0,540.0,459.0,Pending,2024-09-14T00:00:00,2024-09-17T00:00:00
51,44,2,4,2024-08-26,Premium,3,40.0,18.0,120.0,102.0,Pending,2024-08-26T00:00:00,2024-08-26T00:00:00
52,3,242,1,2024-11-03,Standard,3,120.0,0.0,360.0,360.0,Paid,2024-11-03T00:00:00,2024-11-06T00:00:00
53,12,230,6,2024-10-31,Early Bird,2,165.0,33.0,330.0,297.0,Refunded,2024-10-31T00:00:00,2024-10-31T00:00:00
54,44,92,1,2024-09-14,Early Bird,5,45.0,22.5,225.0,202.5,Pending,2024-09-14T00:00:00,2024-09-15T00:00:00
55,47,279,7,2024-12-21,Early Bird,1,160.0,16.0,160.0,144.0,Pending,2024-12-21T00:00:00,2024-12-24T00:00:00
56,53,142,2,2024-09-22,Premium,2,165.0,33.0,330.0,297.0,Paid,2024-09-22T00:00:00,2024-09-22T00:00:00
57,52,106,3,2024-06-29,Standard,4,180.0,0.0,720.0,720.0,Paid,2024-06-29T00:00:00,2024-07-03T00:00:00
58,3,206,,2024-10-31,Early Bird,5,120.0,30.0,600.0,570.0,Paid,2024-10-31T00:00:00,2024-11-04T00:00:00
59,14,295,3,2024-04-04,VIP,1,45.0,4.5,45.0,40.5,Pending,2024-04-04T00:00:00,2024-04-08T00:00:00
60,50,267,2,2024-09-29,Premium,3,45.0,13.5,135.0,121.5,Refunded,2024-09-29T00:00:00,2024-10-01T00:00:00
61,18,219,10,2024-10-13,Early Bird,5,120.0,30.0,600.0,570.0,Paid,2024-10-13T00:00:00,2024-10-15T00:00:00
62,42,210,6,2024-08-23,Premium,4,60.0,24.0,240.0,216.0,Paid,2024-08-23T00:00:00,2024-08-26T00:00:00
63,12,154,3,2024-11-02,Premium,5,165.0,41.25,825.0,783.75,Refunded,2024-11-02T00:00:00,2024-11-02T00:00:00
64,36,125,6,2024-12-07,VIP,4,240.0,48.0,960.0,912.0,Paid,2024-12-07T00:00:00,2024-12-09T00:00:00
65,42,98,8,2024-11-06,Standard,4,50.0,0.0,200.0,200.0,Paid,2024-11-06T00:00:00,2024-11-09T00:00:00
66,44,287,3,2024-09-21,Premium,5,40.0,0.0,200.0,200.0,Refunded,2024-09-21T00:00:00,2024-09-22T00:00:00
67,56,98,3,2024-03-23,Standard,3,50.0,0.0,150.0,150.0,Refunded,2024-03-23T00:00:00,2024-03-24T00:00:00
68,45,165,8,2024-07-09,VIP,2,165.0,16.5,330.0,313.5,Refunded,2024-07-09T00:00:00,2024-07-12T00:00:00
69,35,263,5,2024-12-02,Early Bird,3,50.0,15.0,150.0,135.0,Refunded,2024-12-02T00:00:00,2024-12-02T00:00:00
70,52,161,5,2024-06-21,Early Bird,4,150.0,30.0,600.0,570.0,Paid,2024-06-21T00:00:00,2024-06-25T00:00:00
71,56,300,8,2024-06-19,Early Bird,2,40.0,8.0,80.0,72.0,Paid,2024-06-19T00:00:00,2024-06-20T00:00:00
72,13,282,7,2024-12-08,VIP,2,110.0,11.0,220.0,209.0,Paid,2024-12-08T00:00:00,2024-12-11T00:00:00
73,47,87,5,2024-10-28,Premium,4,220.0,44.0,880.0,836.0,Pending,2024-10-28T00:00:00,2024-10-31T00:00:00
74,12,25,1,2024-10-12,Standard,5,120.0,0.0,600.0,600.0,Refunded,2024-10-12T00:00:00,2024-10-13T00:00:00
75,54,112,,2024-10-30,Early Bird,2,160.0,16.0,320.0,304.0,Paid,2024-10-30T00:00:00,2024-10-30T00:00:00
76,40,4,,2024-08-19,Early Bird,5,55.0,41.25,275.0,233.75,Paid,2024-08-19T00:00:00,2024-08-19T00:00:00
77,34,258,,2024-07-09,Early Bird,3,90.0,27.0,270.0,243.0,Paid,2024-07-09T00:00:00,2024-07-09T00:00:00
78,59,270,3,2024-10-28,VIP,5,135.0,33.75,675.0,641.25,Paid,2024-10-28T00:00:00,2024-10-30T00:00:00
79,51,290,7,2024-05-31,Premium,1,100.0,15.0,100.0,85.0,Paid,2024-05-31T00:00:00,2024-06-02T00:00:00
80,44,195,6,2024-08-24,Early Bird,1,40.0,0.0,40.0,40.0,Pending,2024-08-24T00:00:00,2024-08-27T00:00:00
81,4,223,7,2024-04-20,VIP,1,135.0,0.0,135.0,135.0,Pending,2024-04-20T00:00:00,2024-04-20T00:00:00
82,58,244,9,2024-08-03,VIP,1,225.0,11.25,225.0,213.75,Paid,2024-08-03T00:00:00,2024-08-03T00:00:00
83,44,162,2,2024-08-11,Standard,3,60.0,0.0,180.0,180.0,Paid,2024-08-11T00:00:00,2024-08-15T00:00:00
84,10,289,2,2024-05-15,Premium,4,200.0,80.0,800.0,720.0,Pending,2024-05-15T00:00:00,2024-05-18T00:00:00
85,44,41,2,2024-08-15,VIP,5,50.0,37.5,250.0,212.5,Paid,2024-08-15T00:00:00,2024-08-15T00:00:00
86,28,16,5,2024-07-31,VIP,1,200.0,30.0,200.0,170.0,Refunded,2024-07-31T00:00:00,2024-08-03T00:00:00
87,15,300,2,2024-09-22,Early Bird,5,220.0,165.0,1100.0,935.0,Paid,2024-09-22T00:00:00,2024-09-26T00:00:00
88,19,79,4,2024-10-04,Early Bird,2,80.0,0.0,160.0,160.0,Paid,2024-10-04T00:00:00,2024-10-09T00:00:00
89,25,158,,2024-06-09,Early Bird,3,160.0,0.0,480.0,480.0,Paid,2024-06-09T00:00:00,2024-06-11T00:00:00
90,7,286,7,2024-11-11,Early Bird,1,90.0,13.5,90.0,76.5,Paid,2024-11-11T00:00:00,2024-11-11T00:00:00
91,6,7,6,2024-10-21,VIP,5,40.0,20.0,200.0,180.0,Refunded,2024-10-21T00:00:00,2024-10-24T00:00:00
92,50,195,10,2024-12-14,Premium,5,45.0,11.25,225.0,213.75,Paid,2024-12-14T00:00:00,2024-12-16T00:00:00
93,20,223,2,2024-11-16,VIP,4,90.0,0.0,360.0,360.0,Refunded,2024-11-16T00:00:00,2024-11-18T00:00:00
94,31,254,3,2024-05-25,Premium,1,50.0,5.0,50.0,45.0,Refunded,2024-05-25T00:00:00,2024-05-25T00:00:00
95,9,195,9,2024-12-07,VIP,1,55.0,5.5,55.0,49.5,Refunded,2024-12-07T00:00:00,2024-12-09T00:00:00
96,28,103,5,2024-05-17,Early Bird,5,180.0,90.0,900.0,810.0,Paid,2024-05-17T00:00:00,2024-05-18T00:00:00
97,26,193,5,2024-08-15,VIP,3,82.5,12.38,247.5,235.12,Refunded,2024-08-15T00:00:00,2024-08-17T00:00:00
98,8,282,10,2024-09-18,Standard,5,180.0,45.0,900.0,855.0,Refunded,2024-09-18T00:00:00,2024-09-23T00:00:00
99,14,256,10,2024-05-14,Premium,3,40.0,18.0,120.0,102.0,Paid,2024-05-14T00:00:00,2024-05-15T00:00:00
100,17,230,1,2024-11-07,Early Bird,2,82.5,24.75,165.0,140.25,Pending,2024-11-07T00:00:00,2024-11-10T00:00:00
101,35,275,5,2024-12-21,Standard,4,60.0,0.0,240.0,240.0,Paid,2024-12-21T00:00:00,2024-12-22T00:00:00
102,43,205,9,2024-07-10,VIP,3,67.5,0.0,202.5,202.5,Refunded,2024-07-10T00:00:00,2024-07-10T00:00:00
103,1,192,7,2024-09-27,Early Bird,3,67.5,10.12,202.5,192.38,Refunded,2024-09-27T00:00:00,2024-10-02T00:00:00
104,38,248,,2024-07-20,Standard,5,67.5,33.75,337.5,303.75,Paid,2024-07-20T00:00:00,2024-07-23T00:00:00
105,59,176,4,2024-10-30,Early Bird,1,135.0,13.5,135.0,121.5,Paid,2024-10-30T00:00:00,2024-11-03T00:00:00
106,31,164,7,2024-07-20,Standard,4,40.0,24.0,160.0,136.0,Paid,2024-07-20T00:00:00,2024-07-20T00:00:00
107,52,56,10,2024-06-23,Premium,1,120.0,12.0,120.0,108.0,Paid,2024-06-23T00:00:00,2024-06-27T00:00:00
108,12,119,7,2024-11-28,Early Bird,2,150.0,45.0,300.0,255.0,Paid,2024-11-28T00:00:00,2024-11-29T00:00:00
109,41,102,9,2024-06-07,Early Bird,4,110.0,0.0,440.0,440.0,Pending,2024-06-07T00:00:00,2024-06-10T00:00:00
110,25,296,1,2024-07-19,Standard,2,180.0,36.0,360.0,324.0,Pending,2024-07-19T00:00:00,2024-07-20T00:00:00
111,24,251,4,2024-08-07,VIP,2,82.5,0.0,165.0,165.0,Pending,2024-08-07T00:00:00,2024-08-10T00:00:00
112,40,235,5,2024-09-19,Premium,5,40.0,20.0,200.0,180.0,Paid,2024-09-19T00:00:00,2024-09-23T00:00:00
113,38,157,3,2024-10-06,Standard,2,75.0,0.0,150.0,150.0,Paid,2024-10-06T00:00:00,2024-10-08T00:00:00
114,45,71,9,2024-09-06,Early Bird,5,165.0,123.75,825.0,701.25,Refunded,2024-09-06T00:00:00,2024-09-07T00:00:00
115,32,148,7,2024-08-20,Premium,5,135.0,33.75,675.0,641.25,Paid,2024-08-20T00:00:00,2024-08-22T00:00:00
116,54,249,,2024-11-22,Premium,5,160.0,80.0,800.0,720.0,Paid,2024-11-22T00:00:00,2024-11-25T00:00:00
117,36,228,6,2024-11-25,Early Bird,4,220.0,132.0,880.0,748.0,Paid,2024-11-25T00:00:00,2024-11-25T00:00:00
118,37,116,4,2024-07-17,VIP,2,250.0,0.0,500.0,500.0,Paid,2024-07-17T00:00:00,2024-07-20T00:00:00
119,37,59,9,2024-04-16,VIP,4,300.0,0.0,1200.0,1200.0,Pending,2024-04-16T00:00:00,2024-04-18T00:00:00
120,35,53,6,2024-11-10,Premium,1,55.0,2.75,55.0,52.25,Paid,2024-11-10T00:00:00,2024-11-10T00:00:00
121,29,122,1,2024-12-21,Premium,3,120.0,54.0,360.0,306.0,Pending,2024-12-21T00:00:00,2024-12-26T00:00:00
122,23,72,9,2024-09-17,Premium,5,110.0,27.5,550.0,522.5,Paid,2024-09-17T00:00:00,2024-09-17T00:00:00
123,37,150,5,2024-06-06,VIP,5,250.0,62.5,1250.0,1187.5,Pending,2024-06-06T00:00:00,2024-06-08T00:00:00
124,55,142,,2024-10-16,Premium,1,135.0,20.25,135.0,114.75,Paid,2024-10-16T00:00:00,2024-10-17T00:00:00
125,10,73,7,2024-05-20,VIP,3,225.0,101.25,675.0,573.75,Refunded,2024-05-20T00:00:00,2024-05-23T00:00:00
126,29,233,5,2025-01-14,Early Bird,1,165.0,16.5,165.0,148.5,Paid,2025-01-14T00:00:00,2025-01-18T00:00:00
127,1,274,1,2024-06-20,Early Bird,1,82.5,8.25,82.5,74.25,Paid,2024-06-20T00:00:00,2024-06-23T00:00:00
128,53,173,4,2024-09-24,Premium,4,150.0,60.0,600.0,540.0,Pending,2024-09-24T00:00:00,2024-09-27T00:00:00
129,51,236,10,2024-06-07,Standard,1,80.0,0.0,80.0,80.0,Paid,2024-06-07T00:00:00,2024-06-08T00:00:00
130,29,155,2,2024-11-26,Premium,1,165.0,8.25,165.0,156.75,Paid,2024-11-26T00:00:00,2024-11-26T00:00:00
131,42,85,10,2024-10-01,Standard,3,40.0,12.0,120.0,108.0,Refunded,2024-10-01T00:00:00,2024-10-06T00:00:00
132,20,1,1,2024-09-19,Premium,2,110.0,0.0,220.0,220.0,Refunded,2024-09-19T00:00:00,2024-09-19T00:00:00
133,9,5,,2024-10-31,VIP,2,60.0,18.0,120.0,102.0,Paid,2024-10-31T00:00:00,2024-11-03T00:00:00
134,45,46,6,2024-09-08,Standard,4,120.0,24.0,480.0,456.0,Paid,2024-09-08T00:00:00,2024-09-10T00:00:00
135,24,74,2,2024-05-28,Standard,3,67.5,30.38,202.5,172.12,Pending,2024-05-28T00:00:00,2024-06-01T00:00:00
136,1,78,3,2024-07-23,Early Bird,2,82.5,16.5,165.0,148.5,Pending,2024-07-23T00:00:00,2024-07-28T00:00:00
137,29,64,2,2024-10-05,Early Bird,2,120.0,0.0,240.0,240.0,Paid,2024-10-05T00:00:00,2024-10-08T00:00:00
138,21,44,10,2024-09-06,Premium,2,180.0,36.0,360.0,324.0,Pending,2024-09-06T00:00:00,2024-09-10T00:00:00
139,39,155,10,2024-10-19,Premium,5,200.0,0.0,1000.0,1000.0,Pending,2024-10-19T00:00:00,2024-10-23T00:00:00
140,33,254,3,2024-07-13,Early Bird,4,50.0,0.0,200.0,200.0,Paid,2024-07-13T00:00:00,2024-07-14T00:00:00
141,32,163,5,2024-08-20,Premium,5,120.0,0.0,600.0,600.0,Refunded,2024-08-20T00:00:00,2024-08-24T00:00:00
142,27,9,1,2024-11-28,Standard,5,90.0,67.5,450.0,382.5,Paid,2024-11-28T00:00:00,2024-11-30T00:00:00
143,14,257,10,2024-07-04,Early Bird,1,55.0,5.5,55.0,49.5,Refunded,2024-07-04T00:00:00,2024-07-09T00:00:00
144,26,43,4,2024-09-14,VIP,5,90.0,22.5,450.0,427.5,Paid,2024-09-14T00:00:00,2024-09-18T00:00:00
145,59,34,6,2024-10-14,VIP,2,180.0,36.0,360.0,324.0,Refunded,2024-10-14T00:00:00,2024-10-19T00:00:00
146,55,60,6,2024-11-20,Early Bird,1,135.0,0.0,135.0,135.0,Pending,2024-11-20T00:00:00,2024-11-24T00:00:00
147,4,6,2,2024-06-01,Premium,2,120.0,0.0,240.0,240.0,Refunded,2024-06-01T00:00:00,2024-06-03T00:00:00
148,34,138,2,2024-08-04,Standard,3,67.5,20.25,202.5,182.25,Paid,2024-08-04T00:00:00,2024-08-06T00:00:00
149,52,296,4,2024-07-29,Standard,3,180.0,0.0,540.0,540.0,Refunded,2024-07-29T00:00:00,2024-08-01T00:00:00
150,33,81,5,2024-06-21,VIP,1,55.0,2.75,55.0,52.25,Paid,2024-06-21T00:00:00,2024-06-25T00:00:00
151,44,7,,2024-09-06,Premium,1,45.0,0.0,45.0,45.0,Paid,2024-09-06T00:00:00,2024-09-09T00:00:00
152,24,215,8,2024-07-30,Premium,2,67.5,0.0,135.0,135.0,Paid,2024-07-30T00:00:00,2024-07-31T00:00:00
153,27,191,9,2024-09-18,Standard,3,100.0,0.0,300.0,300.0,Pending,2024-09-18T00:00:00,2024-09-23T00:00:00
154,58,36,6,2024-10-03,Early Bird,2,225.0,0.0,450.0,450.0,Paid,2024-10-03T00:00:00,2024-10-05T00:00:00
155,21,103,5,2024-12-05,VIP,5,220.0,0.0,1100.0,1100.0,Pending,2024-12-05T00:00:00,2024-12-07T00:00:00
156,48,253,9,2024-04-21,Premium,2,110.0,22.0,220.0,198.0,Pending,2024-04-21T00:00:00,2024-04-22T00:00:00
157,10,178,8,2024-08-19,Standard,4,200.0,40.0,800.0,760.0,Paid,2024-08-19T00:00:00,2024-08-19T00:00:00
158,49,272,3,2024-10-28,Premium,4,100.0,0.0,400.0,400.0,Refunded,2024-10-28T00:00:00,2024-10-31T00:00:00
159,4,267,3,2024-06-22,Early Bird,3,120.0,0.0,360.0,360.0,Paid,2024-06-22T00:00:00,2024-06-25T00:00:00
160,48,202,10,2024-06-29,Standard,5,80.0,20.0,400.0,380.0,Pending,2024-06-29T00:00:00,2024-07-03T00:00:00
161,4,162,4,2024-05-16,Early Bird,2,135.0,27.0,270.0,243.0,Paid,2024-05-16T00:00:00,2024-05-18T00:00:00
162,29,300,2,2024-12-20,Standard,2,120.0,12.0,240.0,228.0,Paid,2024-12-20T00:00:00,2024-12-20T00:00:00
163,11,275,1,2024-11-13,VIP,4,250.0,150.0,1000.0,850.0,Paid,2024-11-13T00:00:00,2024-11-16T00:00:00
164,20,156,2,2024-10-22,Standard,3,80.0,0.0,240.0,240.0,Paid,2024-10-22T00:00:00,2024-10-24T00:00:00
165,10,26,8,2024-08-08,VIP,2,250.0,75.0,500.0,425.0,Paid,2024-08-08T00:00:00,2024-08-09T00:00:00
166,2,237,1,2024-07-23,Standard,4,90.0,18.0,360.0,342.0,Paid,2024-07-23T00:00:00,2024-07-23T00:00:00
167,1,191,6,2024-10-02,Standard,2,67.5,6.75,135.0,128.25,Pending,2024-10-02T00:00:00,2024-10-06T00:00:00
168,17,228,3,2024-10-05,Premium,1,60.0,0.0,60.0,60.0,Paid,2024-10-05T00:00:00,2024-10-07T00:00:00
169,8,222,9,2025-01-10,Early Bird,4,160.0,32.0,640.0,608.0,Refunded,2025-01-10T00:00:00,2025-01-10T00:00:00
170,25,96,3,2024-04-23,VIP,4,180.0,72.0,720.0,648.0,Paid,2024-04-23T00:00:00,2024-04-26T00:00:00
171,57,152,10,2024-12-01,Early Bird,1,90.0,4.5,90.0,85.5,Refunded,2024-12-01T00:00:00,2024-12-05T00:00:00
172,31,215,2,2024-08-26,Premium,1,50.0,7.5,50.0,42.5,Pending,2024-08-26T00:00:00,2024-08-27T00:00:00
173,41,246,5,2024-05-20,Early Bird,5,80.0,60.0,400.0,340.0,Paid,2024-05-20T00:00:00,2024-05-24T00:00:00
174,33,164,,2024-06-26,Premium,4,50.0,10.0,200.0,190.0,Paid,2024-06-26T00:00:00,2024-06-28T00:00:00
175,4,120,9,2024-03-29,Premium,4,180.0,72.0,720.0,648.0,Paid,2024-03-29T00:00:00,2024-03-30T00:00:00
176,43,295,3,2024-09-03,Early Bird,3,90.0,0.0,270.0,270.0,Paid,2024-09-03T00:00:00,2024-09-04T00:00:00
177,12,15,9,2025-01-07,VIP,5,150.0,75.0,750.0,675.0,Pending,2025-01-07T00:00:00,2025-01-11T00:00:00
178,10,252,2,2024-06-08,Standard,2,275.0,55.0,550.0,495.0,Paid,2024-06-08T00:00:00,2024-06-08T00:00:00
179,15,170,,2024-08-21,Premium,2,160.0,48.0,320.0,272.0,Paid,2024-08-21T00:00:00,2024-08-23T00:00:00
180,46,73,2,2025-01-01,Standard,3,80.0,0.0,240.0,240.0,Pending,2025-01-01T00:00:00,2025-01-03T00:00:00
181,5,155,5,2024-11-11,VIP,4,120.0,0.0,480.0,480.0,Paid,2024-11-11T00:00:00,2024-11-12T00:00:00
182,47,183,8,2024-11-24,Premium,4,200.0,40.0,800.0,760.0,Pending,2024-11-24T00:00:00,2024-11-25T00:00:00
183,25,294,,2024-06-10,Early Bird,3,180.0,27.0,540.0,513.0,Pending,2024-06-10T00:00:00,2024-06-10T00:00:00
184,12,290,10,2024-11-21,Standard,3,180.0,27.0,540.0,513.0,Refunded,2024-11-21T00:00:00,2024-11-22T00:00:00
185,22,86,5,2024-06-14,Standard,1,225.0,22.5,225.0,202.5,Paid,2024-06-14T00:00:00,2024-06-17T00:00:00
186,1,132,5,2024-09-06,Standard,2,67.5,0.0,135.0,135.0,Paid,2024-09-06T00:00:00,2024-09-06T00:00:00
187,25,194,7,2024-05-24,VIP,4,180.0,108.0,720.0,612.0,Pending,2024-05-24T00:00:00,2024-05-27T00:00:00
188,7,232,2,2024-08-13,Standard,4,120.0,24.0,480.0,456.0,Paid,2024-08-13T00:00:00,2024-08-15T00:00:00
189,2,88,5,2024-08-03,Early Bird,3,60.0,0.0,180.0,180.0,Paid,2024-08-03T00:00:00,2024-08-08T00:00:00
190,5,221,,2024-10-19,Premium,1,100.0,15.0,100.0,85.0,Pending,2024-10-19T00:00:00,2024-10-22T00:00:00
191,11,210,3,2025-01-03,VIP,1,250.0,12.5,250.0,237.5,Paid,2025-01-03T00:00:00,2025-01-05T00:00:00
192,16,28,2,2024-09-08,VIP,1,55.0,8.25,55.0,46.75,Paid,2024-09-08T00:00:00,2024-09-11T00:00:00
193,6,14,1,2024-10-29,Premium,5,55.0,13.75,275.0,261.25,Paid,2024-10-29T00:00:00,2024-11-03T00:00:00
194,19,242,6,2025-01-04,Early Bird,4,80.0,32.0,320.0,288.0,Paid,2025-01-04T00:00:00,2025-01-04T00:00:00
195,42,190,6,2024-09-08,Premium,4,45.0,18.0,180.0,162.0,Refunded,2024-09-08T00:00:00,2024-09-08T00:00:00
196,17,289,4,2024-12-05,Standard,4,75.0,15.0,300.0,285.0,Paid,2024-12-05T00:00:00,2024-12-10T00:00:00
197,43,117,9,2024-09-21,Standard,1,75.0,11.25,75.0,63.75,Refunded,2024-09-21T00:00:00,2024-09-25T00:00:00
198,27,154,7,2024-11-06,Standard,4,120.0,24.0,480.0,456.0,Refunded,2024-11-06T00:00:00,2024-11-11T00:00:00
199,3,230,1,2024-10-24,Premium,5,180.0,45.0,900.0,855.0,Paid,2024-10-24T00:00:00,2024-10-25T00:00:00
200,52,223,1,2024-08-28,Premium,2,120.0,36.0,240.0,204.0,Paid,2024-08-28T00:00:00,2024-09-01T00:00:00
201,17,204,8,2024-12-21,VIP,1,60.0,9.0,60.0,51.0,Paid,2024-12-21T00:00:00,2024-12-25T00:00:00
202,30,213,1,2024-09-20,Premium,1,240.0,36.0,240.0,204.0,Paid,2024-09-20T00:00:00,2024-09-24T00:00:00
203,38,275,4,2024-08-03,VIP,1,60.0,0.0,60.0,60.0,Refunded,2024-08-03T00:00:00,2024-08-05T00:00:00
204,25,89,,2024-04-27,VIP,4,240.0,144.0,960.0,816.0,Refunded,2024-04-27T00:00:00,2024-04-28T00:00:00
205,40,122,5,2024-08-23,Standard,4,40.0,24.0,160.0,136.0,Refunded,2024-08-23T00:00:00,2024-08-25T00:00:00
206,58,144,4,2024-08-23,Early Bird,1,250.0,25.0,250.0,225.0,Paid,2024-08-23T00:00:00,2024-08-24T00:00:00
207,9,46,6,2024-12-07,Premium,4,50.0,20.0,200.0,180.0,Refunded,2024-12-07T00:00:00,2024-12-08T00:00:00
208,59,264,,2024-07-27,Premium,4,165.0,66.0,660.0,594.0,Paid,2024-07-27T00:00:00,2024-07-29T00:00:00
209,46,99,2,2024-11-20,Premium,4,90.0,0.0,360.0,360.0,Paid,2024-11-20T00:00:00,2024-11-21T00:00:00
210,3,189,4,2024-10-30,Early Bird,1,150.0,7.5,150.0,142.5,Pending,2024-10-30T00:00:00,2024-11-02T00:00:00
211,41,251,5,2024-05-04,Early Bird,1,80.0,4.0,80.0,76.0,Paid,2024-05-04T00:00:00,2024-05-07T00:00:00
212,38,47,4,2024-08-07,VIP,3,75.0,11.25,225.0,213.75,Paid,2024-08-07T00:00:00,2024-08-10T00:00:00
213,4,116,10,2024-06-20,Premium,5,135.0,33.75,675.0,641.25,Paid,2024-06-20T00:00:00,2024-06-25T00:00:00
214,27,89,2,2024-11-09,Standard,1,80.0,12.0,80.0,68.0,Paid,2024-11-09T00:00:00,2024-11-11T00:00:00
215,39,179,6,2024-10-08,Early Bird,3,200.0,90.0,600.0,510.0,Paid,2024-10-08T00:00:00,2024-10-09T00:00:00
216,30,53,9,2024-12-08,Standard,5,240.0,180.0,1200.0,1020.0,Pending,2024-12-08T00:00:00,2024-12-13T00:00:00
217,54,56,4,2024-10-03,Early Bird,3,240.0,72.0,720.0,648.0,Paid,2024-10-03T00:00:00,2024-10-05T00:00:00
218,18,153,10,2024-07-31,Premium,3,100.0,30.0,300.0,270.0,Paid,2024-07-31T00:00:00,2024-08-04T00:00:00
219,49,164,10,2024-12-21,Premium,1,120.0,18.0,120.0,102.0,Paid,2024-12-21T00:00:00,2024-12-26T00:00:00
220,32,19,6,2024-10-03,Premium,3,165.0,74.25,495.0,420.75,Paid,2024-10-03T00:00:00,2024-10-08T00:00:00
221,46,154,8,2024-12-26,Premium,5,110.0,55.0,550.0,495.0,Pending,2024-12-26T00:00:00,2024-12-27T00:00:00
222,19,94,8,2025-01-02,VIP,4,90.0,36.0,360.0,324.0,Paid,2025-01-02T00:00:00,2025-01-03T00:00:00
223,23,134,5,2024-12-08,VIP,3,110.0,33.0,330.0,297.0,Refunded,2024-12-08T00:00:00,2024-12-08T00:00:00
224,31,100,7,2024-08-27,Standard,5,60.0,0.0,300.0,300.0,Refunded,2024-08-27T00:00:00,2024-08-31T00:00:00
225,20,176,3,2024-10-29,Early Bird,1,90.0,4.5,90.0,85.5,Pending,2024-10-29T00:00:00,2024-11-01T00:00:00
226,10,91,5,2024-07-10,VIP,2,200.0,60.0,400.0,340.0,Paid,2024-07-10T00:00:00,2024-07-10T00:00:00
227,29,46,7,2024-12-19,Premium,2,135.0,13.5,270.0,256.5,Pending,2024-12-19T00:00:00,2024-12-22T00:00:00
228,41,3,6,2024-07-07,Standard,4,110.0,66.0,440.0,374.0,Pending,2024-07-07T00:00:00,2024-07-08T00:00:00
229,47,3,,2024-12-02,Premium,1,200.0,10.0,200.0,190.0,Paid,2024-12-02T00:00:00,2024-12-07T00:00:00
230,57,258,6,2024-11-06,VIP,3,67.5,0.0,202.5,202.5,Paid,2024-11-06T00:00:00,2024-11-06T00:00:00
231,53,269,8,2024-10-16,VIP,3,150.0,67.5,450.0,382.5,Refunded,2024-10-16T00:00:00,2024-10-21T00:00:00
232,9,207,2,2024-12-02,Standard,4,50.0,10.0,200.0,190.0,Paid,2024-12-02T00:00:00,2024-12-03T00:00:00
233,47,188,1,2025-01-02,Standard,2,160.0,16.0,320.0,304.0,Refunded,2025-01-02T00:00:00,2025-01-07T00:00:00
234,17,25,9,2024-10-24,Standard,5,90.0,0.0,450.0,450.0,Paid,2024-10-24T00:00:00,2024-10-24T00:00:00
235,45,281,1,2024-09-10,VIP,4,165.0,99.0,660.0,561.0,Refunded,2024-09-10T00:00:00,2024-09-15T00:00:00
236,10,52,10,2024-07-24,VIP,1,250.0,37.5,250.0,212.5,Pending,2024-07-24T00:00:00,2024-07-28T00:00:00
237,45,59,4,2024-09-07,Standard,4,120.0,0.0,480.0,480.0,Refunded,2024-09-07T00:00:00,2024-09-08T00:00:00
238,39,210,5,2024-12-25,VIP,3,240.0,36.0,720.0,684.0,Paid,2024-12-25T00:00:00,2024-12-25T00:00:00
239,36,2,3,2024-11-26,Standard,2,220.0,44.0,440.0,396.0,Paid,2024-11-26T00:00:00,2024-11-26T00:00:00
240,54,39,8,2024-11-06,Standard,4,180.0,0.0,720.0,720.0,Paid,2024-11-06T00:00:00,2024-11-11T00:00:00
241,15,52,,2024-09-09,Premium,3,200.0,90.0,600.0,510.0,Paid,2024-09-09T00:00:00,2024-09-11T00:00:00
242,24,24,1,2024-06-07,Standard,3,82.5,0.0,247.5,247.5,Paid,2024-06-07T00:00:00,2024-06-12T00:00:00
243,42,138,9,2024-10-26,Standard,3,50.0,22.5,150.0,127.5,Paid,2024-10-26T00:00:00,2024-10-28T00:00:00
244,12,198,4,2025-01-23,Early Bird,4,165.0,99.0,660.0,561.0,Refunded,2025-01-23T00:00:00,2025-01-28T00:00:00
245,57,82,,2024-09-09,Standard,2,60.0,6.0,120.0,114.0,Refunded,2024-09-09T00:00:00,2024-09-13T00:00:00
246,31,195,9,2024-05-23,VIP,5,55.0,13.75,275.0,261.25,Pending,2024-05-23T00:00:00,2024-05-23T00:00:00
247,56,211,1,2024-04-21,Early Bird,2,55.0,16.5,110.0,93.5,Paid,2024-04-21T00:00:00,2024-04-21T00:00:00
248,17,174,10,2024-11-08,Standard,3,60.0,9.0,180.0,171.0,Refunded,2024-11-08T00:00:00,2024-11-13T00:00:00
249,47,286,2,2024-12-18,Standard,4,200.0,120.0,800.0,680.0,Paid,2024-12-18T00:00:00,2024-12-23T00:00:00
250,60,39,2,2024-08-22,Early Bird,5,165.0,123.75,825.0,701.25,Paid,2024-08-22T00:00:00,2024-08-23T00:00:00
251,22,194,8,2024-08-13,Early Bird,1,300.0,15.0,300.0,285.0,Paid,2024-08-13T00:00:00,2024-08-13T00:00:00
252,30,229,7,2024-11-20,VIP,5,220.0,0.0,1100.0,1100.0,Paid,2024-11-20T00:00:00,2024-11-23T00:00:00
253,48,19,6,2024-04-17,Standard,1,80.0,12.0,80.0,68.0,Paid,2024-04-17T00:00:00,2024-04-21T00:00:00
254,40,234,10,2024-08-19,VIP,3,60.0,9.0,180.0,171.0,Paid,2024-08-19T00:00:00,2024-08-19T00:00:00
255,53,187,10,2024-09-23,Early Bird,4,150.0,90.0,600.0,510.0,Paid,2024-09-23T00:00:00,2024-09-23T00:00:00
256,49,150,5,2024-10-28,VIP,2,80.0,16.0,160.0,144.0,Paid,2024-10-28T00:00:00,2024-10-28T00:00:00
257,58,131,1,2024-09-18,Premium,4,225.0,135.0,900.0,765.0,Paid,2024-09-18T00:00:00,2024-09-18T00:00:00
258,60,174,3,2024-05-25,Standard,4,135.0,81.0,540.0,459.0,Refunded,2024-05-25T00:00:00,2024-05-25T00:00:00
259,60,259,7,2024-06-22,Premium,5,120.0,90.0,600.0,510.0,Refunded,2024-06-22T00:00:00,2024-06-22T00:00:00
260,34,248,9,2024-07-07,Premium,1,90.0,13.5,90.0,76.5,Pending,2024-07-07T00:00:00,2024-07-08T00:00:00
261,47,165,10,2024-10-06,Early Bird,2,160.0,48.0,320.0,272.0,Refunded,2024-10-06T00:00:00,2024-10-10T00:00:00
262,59,151,5,2024-08-13,Early Bird,2,150.0,45.0,300.0,255.0,Paid,2024-08-13T00:00:00,2024-08-14T00:00:00
263,27,112,8,2024-10-28,Premium,5,100.0,50.0,500.0,450.0,Paid,2024-10-28T00:00:00,2024-11-01T00:00:00
264,46,278,8,2024-12-17,VIP,3,90.0,13.5,270.0,256.5,Paid,2024-12-17T00:00:00,2024-12-19T00:00:00
265,36,274,10,2024-11-28,VIP,5,240.0,180.0,1200.0,1020.0,Refunded,2024-11-28T00:00:00,2024-11-28T00:00:00
266,34,29,,2024-09-26,Premium,1,82.5,4.12,82.5,78.38,Paid,2024-09-26T00:00:00,2024-09-27T00:00:00
267,19,105,4,2024-10-19,Standard,3,90.0,0.0,270.0,270.0,Paid,2024-10-19T00:00:00,2024-10-22T00:00:00
268,7,262,3,2024-09-10,VIP,5,90.0,67.5,450.0,382.5,Paid,2024-09-10T00:00:00,2024-09-13T00:00:00
269,25,129,,2024-05-27,Premium,3,240.0,0.0,720.0,720.0,Pending,2024-05-27T00:00:00,2024-05-30T00:00:00
270,54,151,3,2024-12-21,Early Bird,3,240.0,36.0,720.0,684.0,Paid,2024-12-21T00:00:00,2024-12-26T00:00:00
271,5,21,6,2024-12-05,Early Bird,2,120.0,0.0,240.0,240.0,Paid,2024-12-05T00:00:00,2024-12-09T00:00:00
272,17,170,,2025-01-14,Early Bird,2,90.0,18.0,180.0,162.0,Paid,2025-01-14T00:00:00,2025-01-14T00:00:00
273,10,155,10,2024-04-23,Early Bird,3,300.0,0.0,900.0,900.0,Pending,2024-04-23T00:00:00,2024-04-27T00:00:00
274,23,267,2,2024-12-27,Standard,3,120.0,18.0,360.0,342.0,Pending,2024-12-27T00:00:00,2024-12-28T00:00:00
275,27,114,5,2024-11-05,Premium,5,110.0,0.0,550.0,550.0,Paid,2024-11-05T00:00:00,2024-11-07T00:00:00
276,24,5,8,2024-08-11,Standard,2,90.0,27.0,180.0,153.0,Paid,2024-08-11T00:00:00,2024-08-14T00:00:00
277,16,165,,2024-05-28,Early Bird,5,60.0,15.0,300.0,285.0,Paid,2024-05-28T00:00:00,2024-05-31T00:00:00
278,17,261,8,2024-11-22,Early Bird,3,60.0,18.0,180.0,162.0,Refunded,2024-11-22T00:00:00,2024-11-22T00:00:00
279,19,86,1,2024-09-22,Standard,2,100.0,0.0,200.0,200.0,Paid,2024-09-22T00:00:00,2024-09-23T00:00:00
280,43,276,3,2024-07-15,Early Bird,2,82.5,0.0,165.0,165.0,Paid,2024-07-15T00:00:00,2024-07-20T00:00:00
281,44,45,,2024-11-18,Standard,1,55.0,5.5,55.0,49.5,Paid,2024-11-18T00:00:00,2024-11-19T00:00:00
282,51,209,4,2024-06-18,Early Bird,5,80.0,20.0,400.0,380.0,Refunded,2024-06-18T00:00:00,2024-06-23T00:00:00
283,26,61,10,2024-07-31,Standard,3,60.0,27.0,180.0,153.0,Pending,2024-07-31T00:00:00,2024-07-31T00:00:00
284,49,258,5,2024-10-17,Standard,5,80.0,0.0,400.0,400.0,Paid,2024-10-17T00:00:00,2024-10-22T00:00:00
285,20,203,6,2024-10-04,Standard,1,100.0,15.0,100.0,85.0,Refunded,2024-10-04T00:00:00,2024-10-05T00:00:00
286,35,74,10,2025-01-26,VIP,2,55.0,11.0,110.0,99.0,Paid,2025-01-26T00:00:00,2025-01-26T00:00:00
287,36,3,,2024-10-09,Early Bird,5,180.0,0.0,900.0,900.0,Pending,2024-10-09T00:00:00,2024-10-13T00:00:00
288,6,263,6,2024-10-27,Premium,2,50.0,5.0,100.0,95.0,Paid,2024-10-27T00:00:00,2024-10-28T00:00:00
289,15,291,2,2024-08-20,Standard,3,180.0,0.0,540.0,540.0,Pending,2024-08-20T00:00:00,2024-08-23T00:00:00
290,42,51,4,2024-09-07,Premium,1,50.0,0.0,50.0,50.0,Pending,2024-09-07T00:00:00,2024-09-10T00:00:00
291,22,36,4,2024-08-03,Premium,2,225.0,0.0,450.0,450.0,Paid,2024-08-03T00:00:00,2024-08-06T00:00:00
292,29,291,9,2024-12-12,VIP,5,150.0,37.5,750.0,712.5,Paid,2024-12-12T00:00:00,2024-12-15T00:00:00
293,11,224,10,2025-01-09,VIP,3,225.0,33.75,675.0,641.25,Paid,2025-01-09T00:00:00,2025-01-10T00:00:00
294,44,184,7,2024-09-05,VIP,3,55.0,24.75,165.0,140.25,Refunded,2024-09-05T00:00:00,2024-09-09T00:00:00
295,7,276,2,2024-11-05,Premium,5,80.0,40.0,400.0,360.0,Paid,2024-11-05T00:00:00,2024-11-10T00:00:00
296,57,16,8,2024-10-01,Early Bird,1,60.0,0.0,60.0,60.0,Pending,2024-10-01T00:00:00,2024-10-02T00:00:00
297,59,77,10,2024-11-05,VIP,5,150.0,112.5,750.0,637.5,Refunded,2024-11-05T00:00:00,2024-11-06T00:00:00
298,58,257,7,2024-07-03,Standard,5,250.0,62.5,1250.0,1187.5,Refunded,2024-07-03T00:00:00,2024-07-05T00:00:00
299,33,72,8,2024-08-05,Early Bird,2,60.0,6.0,120.0,114.0,Paid,2024-08-05T00:00:00,2024-08-06T00:00:00
300,37,113,,2024-05-09,Early Bird,2,275.0,55.0,550.0,495.0,Paid,2024-05-09T00:00:00,2024-05-09T00:00:00
301,17,185,8,2024-12-14,Early Bird,2,60.0,6.0,120.0,114.0,Refunded,2024-12-14T00:00:00,2024-12-17T00:00:00
302,57,141,8,2024-12-15,VIP,1,75.0,0.0,75.0,75.0,Pending,2024-12-15T00:00:00,2024-12-19T00:00:00
303,37,40,9,2024-06-28,VIP,4,275.0,110.0,1100.0,990.0,Refunded,2024-06-28T00:00:00,2024-06-29T00:00:00
304,34,4,7,2024-08-19,Premium,3,75.0,33.75,225.0,191.25,Refunded,2024-08-19T00:00:00,2024-08-20T00:00:00
305,15,96,2,2024-10-28,Premium,5,200.0,50.0,1000.0,950.0,Paid,2024-10-28T00:00:00,2024-11-01T00:00:00
306,46,59,5,2024-10-11,Early Bird,1,90.0,13.5,90.0,76.5,Refunded,2024-10-11T00:00:00,2024-10-14T00:00:00
307,14,23,3,2024-04-25,Premium,2,55.0,0.0,110.0,110.0,Pending,2024-04-25T00:00:00,2024-04-29T00:00:00
308,11,86,,2024-12-23,VIP,5,200.0,50.0,1000.0,950.0,Paid,2024-12-23T00:00:00,2024-12-27T00:00:00
309,26,111,1,2024-07-10,Early Bird,5,60.0,30.0,300.0,270.0,Pending,2024-07-10T00:00:00,2024-07-13T00:00:00
310,56,74,9,2024-05-17,Premium,2,45.0,13.5,90.0,76.5,Pending,2024-05-17T00:00:00,2024-05-22T00:00:00
311,33,36,9,2024-07-04,Premium,2,50.0,15.0,100.0,85.0,Refunded,2024-07-04T00:00:00,2024-07-07T00:00:00
312,9,50,2,2025-01-01,Premium,1,45.0,6.75,45.0,38.25,Refunded,2025-01-01T00:00:00,2025-01-05T00:00:00
313,39,247,1,2025-01-15,Premium,5,240.0,0.0,1200.0,1200.0,Pending,2025-01-15T00:00:00,2025-01-19T00:00:00
314,53,23,5,2024-10-21,Early Bird,4,180.0,108.0,720.0,612.0,Paid,2024-10-21T00:00:00,2024-10-24T00:00:00
315,51,69,6,2024-04-13,VIP,4,100.0,0.0,400.0,400.0,Refunded,2024-04-13T00:00:00,2024-04-14T00:00:00
316,59,97,4,2024-07-23,Standard,1,150.0,22.5,150.0,127.5,Paid,2024-07-23T00:00:00,2024-07-27T00:00:00
317,34,106,10,2024-09-24,VIP,5,60.0,45.0,300.0,255.0,Refunded,2024-09-24T00:00:00,2024-09-26T00:00:00
318,7,275,4,2024-11-08,Early Bird,4,120.0,48.0,480.0,432.0,Pending,2024-11-08T00:00:00,2024-11-10T00:00:00
319,40,286,8,2024-10-04,Early Bird,4,45.0,27.0,180.0,153.0,Paid,2024-10-04T00:00:00,2024-10-06T00:00:00
320,36,177,9,2024-11-18,Early Bird,4,200.0,80.0,800.0,720.0,Paid,2024-11-18T00:00:00,2024-11-23T00:00:00
321,8,110,1,2024-10-12,Early Bird,2,220.0,22.0,440.0,418.0,Paid,2024-10-12T00:00:00,2024-10-16T00:00:00
322,40,3,10,2024-08-11,Standard,1,45.0,6.75,45.0,38.25,Paid,2024-08-11T00:00:00,2024-08-14T00:00:00
323,60,114,4,2024-06-27,VIP,4,120.0,0.0,480.0,480.0,Paid,2024-06-27T00:00:00,2024-07-01T00:00:00
324,3,30,9,2024-09-26,Premium,4,165.0,66.0,660.0,594.0,Refunded,2024-09-26T00:00:00,2024-09-29T00:00:00
325,1,262,,2024-09-14,Premium,5,75.0,18.75,375.0,356.25,Pending,2024-09-14T00:00:00,2024-09-15T00:00:00
326,44,45,2,2024-12-03,VIP,3,45.0,0.0,135.0,135.0,Refunded,2024-12-03T00:00:00,2024-12-05T00:00:00
327,43,8,8,2024-08-14,Standard,4,90.0,18.0,360.0,342.0,Paid,2024-08-14T00:00:00,2024-08-18T00:00:00
328,19,142,5,2024-10-14,Premium,5,120.0,60.0,600.0,540.0,Pending,2024-10-14T00:00:00,2024-10-15T00:00:00
329,30,90,4,2024-09-18,Early Bird,4,240.0,0.0,960.0,960.0,Pending,2024-09-18T00:00:00,2024-09-18T00:00:00
330,36,263,1,2025-01-19,VIP,5,200.0,100.0,1000.0,900.0,Pending,2025-01-19T00:00:00,2025-01-23T00:00:00
331,17,174,3,2024-11-03,Early Bird,4,82.5,49.5,330.0,280.5,Refunded,2024-11-03T00:00:00,2024-11-07T00:00:00
332,56,196,1,2024-07-14,Premium,4,40.0,16.0,160.0,144.0,Paid,2024-07-14T00:00:00,2024-07-16T00:00:00
333,27,128,4,2024-11-29,VIP,5,120.0,0.0,600.0,600.0,Paid,2024-11-29T00:00:00,2024-12-02T00:00:00
334,44,161,7,2024-09-03,VIP,3,40.0,6.0,120.0,114.0,Paid,2024-09-03T00:00:00,2024-09-07T00:00:00
335,18,124,3,2024-09-27,VIP,2,110.0,11.0,220.0,209.0,Paid,2024-09-27T00:00:00,2024-09-28T00:00:00
336,13,55,2,2024-10-05,Standard,2,120.0,24.0,240.0,216.0,Paid,2024-10-05T00:00:00,2024-10-10T00:00:00
337,43,191,7,2024-08-01,VIP,5,60.0,0.0,300.0,300.0,Refunded,2024-08-01T00:00:00,2024-08-05T00:00:00
338,56,114,6,2024-06-12,Premium,4,45.0,18.0,180.0,162.0,Paid,2024-06-12T00:00:00,2024-06-16T00:00:00
339,52,178,8,2024-07-29,Early Bird,4,180.0,0.0,720.0,720.0,Paid,2024-07-29T00:00:00,2024-08-01T00:00:00
340,8,7,,2024-10-18,Premium,5,220.0,110.0,1100.0,990.0,Refunded,2024-10-18T00:00:00,2024-10-22T00:00:00
341,7,281,2,2024-10-17,VIP,3,120.0,36.0,360.0,324.0,Paid,2024-10-17T00:00:00,2024-10-19T00:00:00
342,31,218,7,2024-06-16,Premium,3,50.0,7.5,150.0,142.5,Refunded,2024-06-16T00:00:00,2024-06-21T00:00:00
343,49,93,7,2024-12-04,Premium,3,110.0,33.0,330.0,297.0,Pending,2024-12-04T00:00:00,2024-12-09T00:00:00
344,15,222,8,2024-07-25,Early Bird,1,200.0,10.0,200.0,190.0,Paid,2024-07-25T00:00:00,2024-07-26T00:00:00
345,52,216,2,2024-06-19,Early Bird,2,165.0,0.0,330.0,330.0,Paid,2024-06-19T00:00:00,2024-06-24T00:00:00
346,34,288,4,2024-08-02,Standard,3,82.5,24.75,247.5,222.75,Refunded,2024-08-02T00:00:00,2024-08-02T00:00:00
347,45,50,7,2024-09-04,Early Bird,1,135.0,13.5,135.0,121.5,Paid,2024-09-04T00:00:00,2024-09-06T00:00:00
348,24,11,5,2024-08-02,Early Bird,5,90.0,45.0,450.0,405.0,Paid,2024-08-02T00:00:00,2024-08-04T00:00:00
349,56,182,4,2024-04-22,VIP,5,45.0,11.25,225.0,213.75,Pending,2024-04-22T00:00:00,2024-04-25T00:00:00
350,50,147,9,2024-09-21,Early Bird,4,40.0,24.0,160.0,136.0,Paid,2024-09-21T00:00:00,2024-09-22T00:00:00
351,41,41,1,2024-05-19,Premium,3,110.0,49.5,330.0,280.5,Paid,2024-05-19T00:00:00,2024-05-20T00:00:00
352,21,228,4,2024-11-06,VIP,3,200.0,90.0,600.0,510.0,Pending,2024-11-06T00:00:00,2024-11-10T00:00:00
353,29,121,2,2024-12-02,VIP,2,135.0,0.0,270.0,270.0,Paid,2024-12-02T00:00:00,2024-12-03T00:00:00
354,11,281,7,2024-11-20,Standard,1,200.0,0.0,200.0,200.0,Paid,2024-11-20T00:00:00,2024-11-23T00:00:00
355,34,80,9,2024-07-04,Standard,1,60.0,6.0,60.0,54.0,Refunded,2024-07-04T00:00:00,2024-07-06T00:00:00
356,15,270,2,2024-10-06,Premium,3,220.0,33.0,660.0,627.0,Paid,2024-10-06T00:00:00,2024-10-06T00:00:00
357,43,140,8,2024-08-19,Early Bird,3,82.5,37.12,247.5,210.38,Paid,2024-08-19T00:00:00,2024-08-24T00:00:00
358,35,289,10,2025-02-01,Early Bird,5,60.0,45.0,300.0,255.0,Pending,2025-02-01T00:00:00,2025-02-06T00:00:00
359,41,117,8,2024-06-23,Standard,3,100.0,45.0,300.0,255.0,Refunded,2024-06-23T00:00:00,2024-06-25T00:00:00
360,24,1,,2024-07-27,Premium,3,67.5,20.25,202.5,182.25,Paid,2024-07-27T00:00:00,2024-07-29T00:00:00
361,31,5,4,2024-06-26,Early Bird,1,55.0,8.25,55.0,46.75,Paid,2024-06-26T00:00:00,2024-06-30T00:00:00
362,15,211,3,2024-07-28,Early Bird,1,240.0,24.0,240.0,216.0,Refunded,2024-07-28T00:00:00,2024-07-29T00:00:00
363,11,41,4,2024-10-10,Early Bird,4,275.0,55.0,1100.0,1045.0,Paid,2024-10-10T00:00:00,2024-10-14T00:00:00
364,49,273,10,2024-10-10,VIP,5,100.0,50.0,500.0,450.0,Refunded,2024-10-10T00:00:00,2024-10-11T00:00:00
365,55,234,1,2024-12-12,Early Bird,2,135.0,27.0,270.0,243.0,Paid,2024-12-12T00:00:00,2024-12-17T00:00:00
366,40,26,2,2024-09-07,Standard,2,50.0,0.0,100.0,100.0,Paid,2024-09-07T00:00:00,2024-09-07T00:00:00
367,19,47,3,2024-12-11,Premium,2,110.0,0.0,220.0,220.0,Paid,2024-12-11T00:00:00,2024-12-14T00:00:00
368,14,238,5,2024-05-27,Standard,4,50.0,30.0,200.0,170.0,Paid,2024-05-27T00:00:00,2024-05-27T00:00:00
369,54,37,6,2024-10-14,Early Bird,2,160.0,32.0,320.0,288.0,Paid,2024-10-14T00:00:00,2024-10-15T00:00:00
370,58,128,1,2024-06-24,Early Bird,3,275.0,0.0,825.0,825.0,Refunded,2024-06-24T00:00:00,2024-06-25T00:00:00
371,48,107,8,2024-07-05,Early Bird,2,110.0,0.0,220.0,220.0,Refunded,2024-07-05T00:00:00,2024-07-10T00:00:00
372,20,267,8,2024-08-23,Standard,3,90.0,0.0,270.0,270.0,Paid,2024-08-23T00:00:00,2024-08-26T00:00:00
373,41,112,10,2024-07-23,Standard,2,100.0,0.0,200.0,200.0,Paid,2024-07-23T00:00:00,2024-07-28T00:00:00
374,28,62,9,2024-07-19,Early Bird,1,180.0,18.0,180.0,162.0,Paid,2024-07-19T00:00:00,2024-07-19T00:00:00
375,3,46,5,2024-10-14,Premium,4,180.0,36.0,720.0,684.0,Paid,2024-10-14T00:00:00,2024-10-17T00:00:00
376,6,183,,2024-09-09,Premium,5,50.0,0.0,250.0,250.0,Pending,2024-09-09T00:00:00,2024-09-09T00:00:00
377,9,99,7,2024-11-13,Standard,2,50.0,10.0,100.0,90.0,Refunded,2024-11-13T00:00:00,2024-11-15T00:00:00
378,47,287,7,2025-01-01,VIP,3,160.0,72.0,480.0,408.0,Pending,2025-01-01T00:00:00,2025-01-06T00:00:00
379,32,240,5,2024-10-16,VIP,5,135.0,67.5,675.0,607.5,Pending,2024-10-16T00:00:00,2024-10-20T00:00:00
380,11,135,4,2025-01-01,VIP,5,225.0,168.75,1125.0,956.25,Refunded,2025-01-01T00:00:00,2025-01-01T00:00:00
381,50,187,,2024-10-04,Premium,5,55.0,13.75,275.0,261.25,Paid,2024-10-04T00:00:00,2024-10-09T00:00:00
382,5,255,8,2024-10-05,Premium,5,110.0,27.5,550.0,522.5,Pending,2024-10-05T00:00:00,2024-10-07T00:00:00
383,21,35,8,2024-10-25,Standard,3,160.0,0.0,480.0,480.0,Paid,2024-10-25T00:00:00,2024-10-26T00:00:00
384,56,51,3,2024-07-13,Standard,2,40.0,12.0,80.0,68.0,Pending,2024-07-13T00:00:00,2024-07-18T00:00:00
385,54,188,,2024-11-30,Premium,4,240.0,96.0,960.0,864.0,Pending,2024-11-30T00:00:00,2024-12-05T00:00:00
386,5,32,7,2024-12-27,VIP,2,110.0,0.0,220.0,220.0,Pending,2024-12-27T00:00:00,2025-01-01T00:00:00
387,57,21,8,2024-10-28,Standard,3,60.0,18.0,180.0,162.0,Paid,2024-10-28T00:00:00,2024-10-28T00:00:00
388,14,198,8,2024-05-04,Premium,1,40.0,2.0,40.0,38.0,Paid,2024-05-04T00:00:00,2024-05-08T00:00:00
389,43,296,1,2024-09-02,VIP,5,67.5,50.62,337.5,286.88,Refunded,2024-09-02T00:00:00,2024-09-07T00:00:00
390,43,206,8,2024-08-10,VIP,1,67.5,3.38,67.5,64.12,Paid,2024-08-10T00:00:00,2024-08-14T00:00:00
391,39,212,5,2024-11-24,Early Bird,3,200.0,60.0,600.0,540.0,Paid,2024-11-24T00:00:00,2024-11-28T00:00:00
392,16,131,8,2024-07-10,VIP,5,45.0,33.75,225.0,191.25,Refunded,2024-07-10T00:00:00,2024-07-13T00:00:00
393,26,70,8,2024-09-24,VIP,1,75.0,0.0,75.0,75.0,Paid,2024-09-24T00:00:00,2024-09-26T00:00:00
394,15,262,8,2024-10-10,Premium,3,160.0,48.0,480.0,432.0,Paid,2024-10-10T00:00:00,2024-10-10T00:00:00
395,30,299,5,2024-12-01,Premium,2,180.0,36.0,360.0,324.0,Paid,2024-12-01T00:00:00,2024-12-03T00:00:00
396,52,112,9,2024-08-14,Standard,1,180.0,27.0,180.0,153.0,Paid,2024-08-14T00:00:00,2024-08-17T00:00:00
397,12,296,,2024-12-06,Early Bird,5,120.0,60.0,600.0,540.0,Paid,2024-12-06T00:00:00,2024-12-06T00:00:00
398,59,62,6,2024-08-03,Premium,3,150.0,67.5,450.0,382.5,Pending,2024-08-03T00:00:00,2024-08-03T00:00:00
399,41,22,8,2024-05-23,VIP,4,80.0,32.0,320.0,288.0,Pending,2024-05-23T00:00:00,2024-05-27T00:00:00
400,10,202,,2024-07-09,Early Bird,5,225.0,56.25,1125.0,1068.75,Pending,2024-07-09T00:00:00,2024-07-13T00:00:00
401,33,76,6,2024-07-26,Premium,2,55.0,11.0,110.0,99.0,Paid,2024-07-26T00:00:00,2024-07-26T00:00:00
402,31,44,4,2024-06-21,Early Bird,1,60.0,9.0,60.0,51.0,Pending,2024-06-21T00:00:00,2024-06-24T00:00:00
403,50,102,8,2024-09-26,Early Bird,2,45.0,13.5,90.0,76.5,Refunded,2024-09-26T00:00:00,2024-10-01T00:00:00
404,37,37,3,2024-06-25,VIP,5,300.0,75.0,1500.0,1425.0,Refunded,2024-06-25T00:00:00,2024-06-27T00:00:00
405,44,212,10,2024-08-11,Early Bird,5,40.0,0.0,200.0,200.0,Paid,2024-08-11T00:00:00,2024-08-13T00:00:00
406,13,87,4,2024-12-09,VIP,3,120.0,0.0,360.0,360.0,Pending,2024-12-09T00:00:00,2024-12-12T00:00:00
407,40,192,3,2024-10-21,Premium,4,40.0,8.0,160.0,152.0,Paid,2024-10-21T00:00:00,2024-10-21T00:00:00
408,48,8,4,2024-07-03,VIP,2,120.0,12.0,240.0,228.0,Paid,2024-07-03T00:00:00,2024-07-05T00:00:00
409,29,109,8,2024-11-24,Premium,1,150.0,7.5,150.0,142.5,Pending,2024-11-24T00:00:00,2024-11-28T00:00:00
410,49,10,10,2024-12-18,Early Bird,5,110.0,27.5,550.0,522.5,Pending,2024-12-18T00:00:00,2024-12-23T00:00:00
411,34,103,4,2024-10-04,VIP,3,67.5,0.0,202.5,202.5,Paid,2024-10-04T00:00:00,2024-10-07T00:00:00
412,42,185,10,2024-11-15,Standard,1,55.0,5.5,55.0,49.5,Paid,2024-11-15T00:00:00,2024-11-17T00:00:00
413,56,51,8,2024-03-26,VIP,4,45.0,27.0,180.0,153.0,Refunded,2024-03-26T00:00:00,2024-03-30T00:00:00
414,35,12,8,2025-02-12,Standard,2,45.0,13.5,90.0,76.5,Paid,2025-02-12T00:00:00,2025-02-16T00:00:00
415,20,178,,2024-11-08,VIP,4,110.0,22.0,440.0,418.0,Paid,2024-11-08T00:00:00,2024-11-13T00:00:00
416,20,132,10,2024-11-20,Early Bird,5,100.0,0.0,500.0,500.0,Paid,2024-11-20T00:00:00,2024-11-24T00:00:00
417,18,71,10,2024-09-22,Standard,2,100.0,30.0,200.0,170.0,Refunded,2024-09-22T00:00:00,2024-09-26T00:00:00
418,44,79,9,2024-09-20,Early Bird,2,55.0,5.5,110.0,104.5,Paid,2024-09-20T00:00:00,2024-09-24T00:00:00
419,22,71,10,2024-07-22,Premium,5,225.0,56.25,1125.0,1068.75,Paid,2024-07-22T00:00:00,2024-07-24T00:00:00
420,45,290,2,2024-06-26,Premium,5,135.0,101.25,675.0,573.75,Paid,2024-06-26T00:00:00,2024-06-26T00:00:00
421,36,16,2,2024-11-21,VIP,1,180.0,18.0,180.0,162.0,Refunded,2024-11-21T00:00:00,2024-11-24T00:00:00
422,20,68,1,2024-10-25,Premium,3,90.0,13.5,270.0,256.5,Paid,2024-10-25T00:00:00,2024-10-29T00:00:00
423,40,119,9,2024-10-05,Premium,5,60.0,15.0,300.0,285.0,Paid,2024-10-05T00:00:00,2024-10-07T00:00:00
424,6,192,10,2024-09-08,Premium,4,45.0,27.0,180.0,153.0,Refunded,2024-09-08T00:00:00,2024-09-11T00:00:00
425,31,210,,2024-08-16,Standard,2,45.0,4.5,90.0,85.5,Paid,2024-08-16T00:00:00,2024-08-19T00:00:00
426,15,225,2,2024-08-03,Early Bird,2,180.0,0.0,360.0,360.0,Paid,2024-08-03T00:00:00,2024-08-06T00:00:00
427,57,195,9,2024-11-19,VIP,4,82.5,0.0,330.0,330.0,Refunded,2024-11-19T00:00:00,2024-11-23T00:00:00
428,48,56,8,2024-04-27,Early Bird,5,120.0,0.0,600.0,600.0,Refunded,2024-04-27T00:00:00,2024-04-27T00:00:00
429,57,286,,2024-11-19,Early Bird,5,90.0,67.5,450.0,382.5,Pending,2024-11-19T00:00:00,2024-11-24T00:00:00
430,4,147,4,2024-06-16,Early Bird,3,165.0,74.25,495.0,420.75,Paid,2024-06-16T00:00:00,2024-06-19T00:00:00
431,19,232,7,2024-10-28,Standard,1,120.0,6.0,120.0,114.0,Pending,2024-10-28T00:00:00,2024-10-28T00:00:00
432,12,212,6,2024-10-30,VIP,5,180.0,45.0,900.0,855.0,Refunded,2024-10-30T00:00:00,2024-10-30T00:00:00
433,12,129,1,2024-12-10,VIP,5,135.0,101.25,675.0,573.75,Paid,2024-12-10T00:00:00,2024-12-15T00:00:00
434,47,186,10,2025-01-03,Standard,1,160.0,24.0,160.0,136.0,Pending,2025-01-03T00:00:00,2025-01-08T00:00:00
435,25,282,6,2024-04-17,Early Bird,5,240.0,60.0,1200.0,1140.0,Paid,2024-04-17T00:00:00,2024-04-18T00:00:00
436,59,92,2,2024-09-28,Standard,5,135.0,33.75,675.0,641.25,Refunded,2024-09-28T00:00:00,2024-09-30T00:00:00
437,20,68,1,2024-09-18,Premium,4,100.0,20.0,400.0,380.0,Paid,2024-09-18T00:00:00,2024-09-22T00:00:00
438,49,279,7,2024-12-19,Standard,1,110.0,16.5,110.0,93.5,Pending,2024-12-19T00:00:00,2024-12-22T00:00:00
439,16,227,6,2024-08-24,Standard,5,55.0,41.25,275.0,233.75,Pending,2024-08-24T00:00:00,2024-08-28T00:00:00
440,1,95,,2024-09-08,Premium,5,75.0,18.75,375.0,356.25,Paid,2024-09-08T00:00:00,2024-09-13T00:00:00
441,23,45,5,2025-01-01,Standard,2,80.0,16.0,160.0,144.0,Paid,2025-01-01T00:00:00,2025-01-04T00:00:00
442,12,297,7,2025-01-17,VIP,3,180.0,27.0,540.0,513.0,Paid,2025-01-17T00:00:00,2025-01-17T00:00:00
443,50,219,1,2024-11-16,Standard,3,50.0,22.5,150.0,127.5,Paid,2024-11-16T00:00:00,2024-11-19T00:00:00
444,9,108,8,2024-12-30,Premium,3,50.0,22.5,150.0,127.5,Pending,2024-12-30T00:00:00,2024-12-30T00:00:00
445,7,148,9,2024-09-15,Early Bird,5,80.0,60.0,400.0,340.0,Pending,2024-09-15T00:00:00,2024-09-17T00:00:00
446,17,289,2,2024-11-24,Early Bird,5,90.0,45.0,450.0,405.0,Pending,2024-11-24T00:00:00,2024-11-29T00:00:00
447,41,100,4,2024-06-28,Standard,4,90.0,18.0,360.0,342.0,Paid,2024-06-28T00:00:00,2024-06-28T00:00:00
448,30,24,6,2024-10-27,VIP,1,180.0,27.0,180.0,153.0,Paid,2024-10-27T00:00:00,2024-10-31T00:00:00
449,52,131,4,2024-07-02,Standard,2,120.0,12.0,240.0,228.0,Paid,2024-07-02T00:00:00,2024-07-04T00:00:00
450,33,171,10,2024-05-28,VIP,3,40.0,0.0,120.0,120.0,Refunded,2024-05-28T00:00:00,2024-06-02T00:00:00
451,37,174,5,2024-05-03,Early Bird,1,225.0,11.25,225.0,213.75,Refunded,2024-05-03T00:00:00,2024-05-03T00:00:00
452,42,172,8,2024-10-30,Early Bird,4,45.0,27.0,180.0,153.0,Refunded,2024-10-30T00:00:00,2024-11-04T00:00:00
453,4,275,8,2024-03-26,Standard,5,150.0,75.0,750.0,675.0,Paid,2024-03-26T00:00:00,2024-03-30T00:00:00
454,44,16,4,2024-10-26,VIP,3,40.0,6.0,120.0,114.0,Refunded,2024-10-26T00:00:00,2024-10-31T00:00:00
455,35,60,2,2024-11-08,VIP,2,60.0,18.0,120.0,102.0,Paid,2024-11-08T00:00:00,2024-11-13T00:00:00
456,3,191,3,2024-11-23,Early Bird,4,120.0,72.0,480.0,408.0,Paid,2024-11-23T00:00:00,2024-11-24T00:00:00
457,34,104,,2024-09-01,Standard,2,60.0,12.0,120.0,108.0,Refunded,2024-09-01T00:00:00,2024-09-05T00:00:00
458,2,175,3,2024-06-02,Early Bird,4,90.0,18.0,360.0,342.0,Pending,2024-06-02T00:00:00,2024-06-04T00:00:00
459,50,19,3,2024-11-13,Early Bird,2,40.0,4.0,80.0,76.0,Refunded,2024-11-13T00:00:00,2024-11-18T00:00:00
460,56,45,,2024-05-12,VIP,1,40.0,4.0,40.0,36.0,Refunded,2024-05-12T00:00:00,2024-05-12T00:00:00
461,7,108,10,2024-09-22,VIP,3,80.0,24.0,240.0,216.0,Paid,2024-09-22T00:00:00,2024-09-23T00:00:00
462,19,61,10,2024-12-10,VIP,5,100.0,75.0,500.0,425.0,Paid,2024-12-10T00:00:00,2024-12-11T00:00:00
463,18,278,3,2024-10-06,VIP,1,120.0,0.0,120.0,120.0,Pending,2024-10-06T00:00:00,2024-10-08T00:00:00
464,18,37,2,2024-10-02,VIP,3,120.0,18.0,360.0,342.0,Pending,2024-10-02T00:00:00,2024-10-04T00:00:00
465,35,26,7,2024-12-29,Standard,1,45.0,0.0,45.0,45.0,Refunded,2024-12-29T00:00:00,2024-12-29T00:00:00
466,6,183,9,2024-10-12,VIP,4,45.0,27.0,180.0,153.0,Paid,2024-10-12T00:00:00,2024-10-13T00:00:00
467,46,68,9,2024-10-18,Standard,5,80.0,60.0,400.0,340.0,Refunded,2024-10-18T00:00:00,2024-10-18T00:00:00
468,30,74,3,2024-12-07,VIP,4,220.0,44.0,880.0,836.0,Paid,2024-12-07T00:00:00,2024-12-10T00:00:00
469,12,16,7,2024-11-09,Standard,3,150.0,67.5,450.0,382.5,Refunded,2024-11-09T00:00:00,2024-11-09T00:00:00
470,23,295,5,2024-11-05,Premium,4,90.0,36.0,360.0,324.0,Pending,2024-11-05T00:00:00,2024-11-05T00:00:00
471,26,273,4,2024-06-12,Early Bird,1,75.0,0.0,75.0,75.0,Refunded,2024-06-12T00:00:00,2024-06-16T00:00:00
472,27,197,7,2024-12-14,Standard,5,90.0,22.5,450.0,427.5,Paid,2024-12-14T00:00:00,2024-12-15T00:00:00
473,53,176,9,2024-07-25,Premium,5,165.0,123.75,825.0,701.25,Paid,2024-07-25T00:00:00,2024-07-30T00:00:00
474,43,238,9,2024-09-24,VIP,5,82.5,0.0,412.5,412.5,Pending,2024-09-24T00:00:00,2024-09-24T00:00:00
475,53,56,1,2024-08-26,Early Bird,2,150.0,45.0,300.0,255.0,Paid,2024-08-26T00:00:00,2024-08-29T00:00:00
476,42,298,2,2024-08-24,Standard,1,40.0,2.0,40.0,38.0,Paid,2024-08-24T00:00:00,2024-08-29T00:00:00
477,10,296,9,2024-06-23,Early Bird,5,250.0,187.5,1250.0,1062.5,Paid,2024-06-23T00:00:00,2024-06-24T00:00:00
478,44,177,6,2024-08-17,Standard,3,50.0,15.0,150.0,135.0,Pending,2024-08-17T00:00:00,2024-08-17T00:00:00
479,40,190,,2024-09-04,Standard,4,45.0,18.0,180.0,162.0,Paid,2024-09-04T00:00:00,2024-09-09T00:00:00
480,36,121,,2024-10-15,Early Bird,3,160.0,48.0,480.0,432.0,Pending,2024-10-15T00:00:00,2024-10-18T00:00:00
481,41,280,6,2024-07-21,Premium,4,110.0,66.0,440.0,374.0,Paid,2024-07-21T00:00:00,2024-07-24T00:00:00
482,9,79,6,2024-12-21,VIP,5,55.0,27.5,275.0,247.5,Paid,2024-12-21T00:00:00,2024-12-22T00:00:00
483,1,224,10,2024-09-30,Premium,1,67.5,10.12,67.5,57.38,Paid,2024-09-30T00:00:00,2024-10-01T00:00:00
484,42,93,9,2024-08-05,Early Bird,4,55.0,33.0,220.0,187.0,Pending,2024-08-05T00:00:00,2024-08-08T00:00:00
485,36,96,3,2024-10-16,Early Bird,4,220.0,88.0,880.0,792.0,Pending,2024-10-16T00:00:00,2024-10-16T00:00:00
486,37,280,6,2024-05-18,VIP,2,300.0,60.0,600.0,540.0,Paid,2024-05-18T00:00:00,2024-05-18T00:00:00
487,37,73,1,2024-05-20,VIP,3,200.0,90.0,600.0,510.0,Refunded,2024-05-20T00:00:00,2024-05-24T00:00:00
488,6,40,7,2024-09-30,VIP,5,40.0,10.0,200.0,190.0,Pending,2024-09-30T00:00:00,2024-09-30T00:00:00
489,58,263,7,2024-08-27,Early Bird,5,200.0,150.0,1000.0,850.0,Pending,2024-08-27T00:00:00,2024-09-01T00:00:00
490,22,19,2,2024-07-26,VIP,3,250.0,75.0,750.0,675.0,Pending,2024-07-26T00:00:00,2024-07-28T00:00:00
491,4,27,9,2024-04-21,VIP,4,180.0,36.0,720.0,684.0,Pending,2024-04-21T00:00:00,2024-04-21T00:00:00
492,19,130,4,2024-11-13,Premium,1,90.0,0.0,90.0,90.0,Pending,2024-11-13T00:00:00,2024-11-15T00:00:00
493,18,90,9,2024-07-03,Premium,3,80.0,0.0,240.0,240.0,Refunded,2024-07-03T00:00:00,2024-07-05T00:00:00
494,52,271,2,2024-08-30,Standard,3,135.0,60.75,405.0,344.25,Paid,2024-08-30T00:00:00,2024-08-30T00:00:00
495,10,122,6,2024-06-04,Early Bird,2,275.0,82.5,550.0,467.5,Paid,2024-06-04T00:00:00,2024-06-05T00:00:00
496,37,27,1,2024-04-18,Premium,3,200.0,60.0,600.0,540.0,Refunded,2024-04-18T00:00:00,2024-04-21T00:00:00
497,31,200,6,2024-07-26,Early Bird,4,60.0,12.0,240.0,228.0,Paid,2024-07-26T00:00:00,2024-07-27T00:00:00
498,34,196,7,2024-06-20,VIP,4,60.0,24.0,240.0,216.0,Pending,2024-06-20T00:00:00,2024-06-25T00:00:00
499,3,140,9,2024-12-15,VIP,5,150.0,112.5,750.0,637.5,Paid,2024-12-15T00:00:00,2024-12-17T00:00:00
500,52,124,7,2024-09-09,Premium,3,180.0,81.0,540.0,459.0,Pending,2024-09-09T00:00:00,2024-09-11T00:00:00
501,44,5,10,2024-09-10,Standard,2,50.0,0.0,100.0,100.0,Paid,2024-09-10T00:00:00,2024-09-13T00:00:00
502,7,146,3,2024-09-21,VIP,1,110.0,11.0,110.0,99.0,Paid,2024-09-21T00:00:00,2024-09-21T00:00:00
503,2,63,9,2024-06-25,Standard,1,60.0,3.0,60.0,57.0,Paid,2024-06-25T00:00:00,2024-06-29T00:00:00
504,9,130,2,2024-11-27,VIP,5,45.0,0.0,225.0,225.0,Refunded,2024-11-27T00:00:00,2024-12-02T00:00:00
505,60,166,10,2024-09-02,VIP,4,150.0,90.0,600.0,510.0,Paid,2024-09-02T00:00:00,2024-09-02T00:00:00
506,18,31,5,2024-07-13,VIP,1,110.0,16.5,110.0,93.5,Paid,2024-07-13T00:00:00,2024-07-14T00:00:00
507,29,252,2,2025-01-15,Standard,4,135.0,81.0,540.0,459.0,Paid,2025-01-15T00:00:00,2025-01-19T00:00:00
508,50,133,7,2024-10-30,Standard,2,60.0,0.0,120.0,120.0,Paid,2024-10-30T00:00:00,2024-10-30T00:00:00
509,5,77,7,2024-10-16,Standard,3,110.0,0.0,330.0,330.0,Paid,2024-10-16T00:00:00,2024-10-21T00:00:00
510,25,2,9,2024-06-15,Early Bird,2,200.0,60.0,400.0,340.0,Refunded,2024-06-15T00:00:00,2024-06-18T00:00:00
511,26,197,,2024-06-08,Early Bird,1,90.0,4.5,90.0,85.5,Paid,2024-06-08T00:00:00,2024-06-12T00:00:00
512,35,29,6,2024-10-27,Standard,3,50.0,15.0,150.0,135.0,Paid,2024-10-27T00:00:00,2024-10-31T00:00:00
513,55,104,10,2024-11-07,Premium,1,165.0,16.5,165.0,148.5,Pending,2024-11-07T00:00:00,2024-11-07T00:00:00
514,25,184,1,2024-04-26,Early Bird,2,200.0,60.0,400.0,340.0,Paid,2024-04-26T00:00:00,2024-05-01T00:00:00
515,29,13,3,2024-10-21,Premium,2,135.0,0.0,270.0,270.0,Refunded,2024-10-21T00:00:00,2024-10-24T00:00:00
516,5,231,8,2024-09-18,Standard,5,100.0,75.0,500.0,425.0,Paid,2024-09-18T00:00:00,2024-09-20T00:00:00
517,4,268,3,2024-05-28,Early Bird,1,165.0,0.0,165.0,165.0,Pending,2024-05-28T00:00:00,2024-05-29T00:00:00
518,48,251,2,2024-04-26,Standard,2,80.0,0.0,160.0,160.0,Refunded,2024-04-26T00:00:00,2024-04-30T00:00:00
519,3,26,10,2024-11-26,VIP,2,120.0,12.0,240.0,228.0,Paid,2024-11-26T00:00:00,2024-11-29T00:00:00
520,40,255,1,2024-10-18,Premium,5,40.0,0.0,200.0,200.0,Paid,2024-10-18T00:00:00,2024-10-19T00:00:00
521,28,295,10,2024-07-17,Premium,4,200.0,0.0,800.0,800.0,Paid,2024-07-17T00:00:00,2024-07-18T00:00:00
522,49,62,1,2025-01-15,VIP,5,90.0,45.0,450.0,405.0,Paid,2025-01-15T00:00:00,2025-01-18T00:00:00
523,11,125,7,2024-10-12,Standard,3,300.0,45.0,900.0,855.0,Paid,2024-10-12T00:00:00,2024-10-12T00:00:00
524,51,250,,2024-04-03,Standard,5,110.0,27.5,550.0,522.5,Paid,2024-04-03T00:00:00,2024-04-03T00:00:00
525,12,244,6,2024-10-11,Premium,1,180.0,18.0,180.0,162.0,Paid,2024-10-11T00:00:00,2024-10-12T00:00:00
526,41,90,3,2024-07-27,Standard,5,110.0,82.5,550.0,467.5,Pending,2024-07-27T00:00:00,2024-07-28T00:00:00
527,46,215,5,2024-11-21,Standard,5,80.0,40.0,400.0,360.0,Pending,2024-11-21T00:00:00,2024-11-22T00:00:00
528,13,260,8,2025-01-04,Premium,5,80.0,40.0,400.0,360.0,Refunded,2025-01-04T00:00:00,2025-01-09T00:00:00
529,43,77,1,2024-09-07,Early Bird,3,60.0,9.0,180.0,171.0,Refunded,2024-09-07T00:00:00,2024-09-08T00:00:00
530,11,108,4,2024-10-16,Early Bird,1,200.0,20.0,200.0,180.0,Paid,2024-10-16T00:00:00,2024-10-18T00:00:00
531,40,276,,2024-07-28,Premium,4,40.0,0.0,160.0,160.0,Paid,2024-07-28T00:00:00,2024-07-28T00:00:00
532,32,297,7,2024-09-05,VIP,1,120.0,6.0,120.0,114.0,Refunded,2024-09-05T00:00:00,2024-09-06T00:00:00
533,48,117,5,2024-04-14,Standard,3,90.0,0.0,270.0,270.0,Paid,2024-04-14T00:00:00,2024-04-19T00:00:00
534,27,242,1,2024-09-24,Early Bird,2,110.0,11.0,220.0,209.0,Paid,2024-09-24T00:00:00,2024-09-27T00:00:00
535,10,192,6,2024-07-23,Premium,5,275.0,68.75,1375.0,1306.25,Refunded,2024-07-23T00:00:00,2024-07-28T00:00:00
536,13,66,5,2024-10-31,Standard,3,100.0,15.0,300.0,285.0,Pending,2024-10-31T00:00:00,2024-10-31T00:00:00
537,18,88,6,2024-10-03,VIP,1,110.0,16.5,110.0,93.5,Paid,2024-10-03T00:00:00,2024-10-05T00:00:00
538,39,211,1,2024-12-30,Early Bird,5,180.0,45.0,900.0,855.0,Paid,2024-12-30T00:00:00,2025-01-03T00:00:00
539,31,127,6,2024-05-18,Premium,4,50.0,0.0,200.0,200.0,Paid,2024-05-18T00:00:00,2024-05-21T00:00:00
540,38,23,6,2024-09-18,Standard,5,67.5,0.0,337.5,337.5,Refunded,2024-09-18T00:00:00,2024-09-23T00:00:00
541,50,51,7,2024-10-21,Early Bird,1,55.0,8.25,55.0,46.75,Refunded,2024-10-21T00:00:00,2024-10-22T00:00:00
542,6,184,2,2024-09-25,VIP,1,55.0,2.75,55.0,52.25,Paid,2024-09-25T00:00:00,2024-09-30T00:00:00
543,6,293,7,2024-12-03,Standard,4,50.0,10.0,200.0,190.0,Refunded,2024-12-03T00:00:00,2024-12-06T00:00:00
544,50,238,10,2024-12-07,Standard,4,45.0,18.0,180.0,162.0,Paid,2024-12-07T00:00:00,2024-12-10T00:00:00
545,58,219,4,2024-07-13,VIP,3,300.0,0.0,900.0,900.0,Pending,2024-07-13T00:00:00,2024-07-17T00:00:00
546,37,264,,2024-04-10,VIP,2,200.0,40.0,400.0,360.0,Paid,2024-04-10T00:00:00,2024-04-10T00:00:00
547,25,188,5,2024-06-03,Premium,4,240.0,0.0,960.0,960.0,Pending,2024-06-03T00:00:00,2024-06-08T00:00:00
548,5,277,3,2024-10-18,Standard,2,90.0,18.0,180.0,162.0,Refunded,2024-10-18T00:00:00,2024-10-23T00:00:00
549,49,137,5,2024-11-07,Early Bird,2,90.0,18.0,180.0,162.0,Paid,2024-11-07T00:00:00,2024-11-07T00:00:00
550,5,270,8,2024-11-11,Standard,3,110.0,49.5,330.0,280.5,Refunded,2024-11-11T00:00:00,2024-11-16T00:00:00
551,35,189,9,2024-11-29,Standard,5,50.0,37.5,250.0,212.5,Paid,2024-11-29T00:00:00,2024-12-02T00:00:00
552,6,56,1,2024-11-25,Premium,4,45.0,18.0,180.0,162.0,Paid,2024-11-25T00:00:00,2024-11-25T00:00:00
553,45,12,8,2024-09-06,VIP,4,135.0,27.0,540.0,513.0,Refunded,2024-09-06T00:00:00,2024-09-11T00:00:00
554,35,228,6,2024-10-27,Standard,2,55.0,11.0,110.0,99.0,Paid,2024-10-27T00:00:00,2024-10-28T00:00:00
555,5,297,6,2024-12-26,VIP,2,120.0,24.0,240.0,216.0,Paid,2024-12-26T00:00:00,2024-12-29T00:00:00
556,38,156,7,2024-07-23,Premium,5,90.0,67.5,450.0,382.5,Paid,2024-07-23T00:00:00,2024-07-24T00:00:00
557,51,25,4,2024-06-17,Premium,2,110.0,22.0,220.0,198.0,Paid,2024-06-17T00:00:00,2024-06-19T00:00:00
558,30,90,2,2024-12-25,Premium,5,180.0,90.0,900.0,810.0,Paid,2024-12-25T00:00:00,2024-12-26T00:00:00
559,8,134,7,2025-01-10,VIP,3,240.0,36.0,720.0,684.0,Paid,2025-01-10T00:00:00,2025-01-11T00:00:00
560,36,191,2,2024-10-30,Early Bird,1,200.0,20.0,200.0,180.0,Pending,2024-10-30T00:00:00,2024-10-31T00:00:00
561,35,75,7,2025-01-16,Early Bird,1,40.0,6.0,40.0,34.0,Paid,2025-01-16T00:00:00,2025-01-17T00:00:00
562,1,152,10,2024-07-07,Early Bird,5,90.0,45.0,450.0,405.0,Paid,2024-07-07T00:00:00,2024-07-11T00:00:00
563,43,246,1,2024-09-15,Standard,5,82.5,41.25,412.5,371.25,Paid,2024-09-15T00:00:00,2024-09-20T00:00:00
564,36,113,9,2025-01-14,Early Bird,3,160.0,72.0,480.0,408.0,Paid,2025-01-14T00:00:00,2025-01-14T00:00:00
565,21,101,4,2024-12-09,Standard,5,180.0,45.0,900.0,855.0,Paid,2024-12-09T00:00:00,2024-12-13T00:00:00
566,55,252,3,2024-10-24,VIP,1,180.0,27.0,180.0,153.0,Pending,2024-10-24T00:00:00,2024-10-28T00:00:00
567,33,190,6,2024-07-30,Early Bird,3,55.0,8.25,165.0,156.75,Paid,2024-07-30T00:00:00,2024-07-30T00:00:00
568,19,45,8,2024-12-01,Premium,3,100.0,45.0,300.0,255.0,Refunded,2024-12-01T00:00:00,2024-12-06T00:00:00
569,27,213,6,2024-10-03,Premium,4,100.0,20.0,400.0,380.0,Pending,2024-10-03T00:00:00,2024-10-07T00:00:00
570,6,172,8,2024-11-17,Standard,2,50.0,15.0,100.0,85.0,Pending,2024-11-17T00:00:00,2024-11-20T00:00:00
571,6,285,2,2024-12-05,Early Bird,4,50.0,30.0,200.0,170.0,Pending,2024-12-05T00:00:00,2024-12-06T00:00:00
572,13,155,,2024-12-27,VIP,4,100.0,60.0,400.0,340.0,Refunded,2024-12-27T00:00:00,2024-12-31T00:00:00
573,48,135,2,2024-05-11,VIP,2,80.0,0.0,160.0,160.0,Refunded,2024-05-11T00:00:00,2024-05-11T00:00:00
574,42,126,7,2024-08-23,Standard,3,55.0,8.25,165.0,156.75,Paid,2024-08-23T00:00:00,2024-08-25T00:00:00
575,32,224,9,2024-11-01,VIP,5,150.0,112.5,750.0,637.5,Refunded,2024-11-01T00:00:00,2024-11-06T00:00:00
576,53,84,4,2024-10-06,Standard,3,180.0,0.0,540.0,540.0,Paid,2024-10-06T00:00:00,2024-10-08T00:00:00
577,30,140,,2024-09-25,VIP,2,200.0,20.0,400.0,380.0,Refunded,2024-09-25T00:00:00,2024-09-30T00:00:00
578,59,40,8,2024-09-25,Premium,1,150.0,15.0,150.0,135.0,Paid,2024-09-25T00:00:00,2024-09-25T00:00:00
579,39,155,5,2024-10-15,VIP,2,240.0,48.0,480.0,432.0,Paid,2024-10-15T00:00:00,2024-10-15T00:00:00
580,35,266,2,2024-12-11,VIP,3,45.0,0.0,135.0,135.0,Paid,2024-12-11T00:00:00,2024-12-14T00:00:00
581,27,258,2,2024-12-01,Premium,2,80.0,8.0,160.0,152.0,Paid,2024-12-01T00:00:00,2024-12-05T00:00:00
582,40,236,6,2024-08-12,Standard,5,60.0,0.0,300.0,300.0,Paid,2024-08-12T00:00:00,2024-08-13T00:00:00
583,60,72,5,2024-09-09,Early Bird,4,150.0,60.0,600.0,540.0,Pending,2024-09-09T00:00:00,2024-09-13T00:00:00
584,49,114,1,2024-12-08,Premium,2,100.0,0.0,200.0,200.0,Paid,2024-12-08T00:00:00,2024-12-13T00:00:00
585,15,218,1,2024-09-28,Standard,2,180.0,18.0,360.0,342.0,Paid,2024-09-28T00:00:00,2024-09-28T00:00:00
586,50,17,1,2024-10-24,Standard,4,40.0,8.0,160.0,152.0,Refunded,2024-10-24T00:00:00,2024-10-24T00:00:00
587,59,6,10,2024-10-08,Standard,1,120.0,12.0,120.0,108.0,Paid,2024-10-08T00:00:00,2024-10-12T00:00:00
588,14,47,,2024-04-25,Premium,2,45.0,9.0,90.0,81.0,Paid,2024-04-25T00:00:00,2024-04-29T00:00:00
589,23,292,8,2024-11-21,Standard,2,120.0,12.0,240.0,228.0,Paid,2024-11-21T00:00:00,2024-11-25T00:00:00
590,49,88,4,2025-01-19,Standard,5,90.0,22.5,450.0,427.5,Paid,2025-01-19T00:00:00,2025-01-20T00:00:00
591,59,55,7,2024-09-06,Premium,4,150.0,30.0,600.0,570.0,Paid,2024-09-06T00:00:00,2024-09-09T00:00:00
592,28,161,1,2024-08-02,Standard,5,180.0,135.0,900.0,765.0,Refunded,2024-08-02T00:00:00,2024-08-02T00:00:00
593,34,21,8,2024-09-22,Standard,4,75.0,30.0,300.0,270.0,Paid,2024-09-22T00:00:00,2024-09-25T00:00:00
594,8,228,10,2024-11-27,Premium,3,220.0,66.0,660.0,594.0,Pending,2024-11-27T00:00:00,2024-11-30T00:00:00
595,19,189,7,2024-09-27,Premium,4,90.0,0.0,360.0,360.0,Paid,2024-09-27T00:00:00,2024-10-02T00:00:00
596,32,44,8,2024-08-15,Standard,1,165.0,24.75,165.0,140.25,Paid,2024-08-15T00:00:00,2024-08-18T00:00:00
597,26,187,1,2024-06-28,Premium,5,60.0,15.0,300.0,285.0,Paid,2024-06-28T00:00:00,2024-06-29T00:00:00
598,39,256,6,2024-10-03,VIP,4,160.0,32.0,640.0,608.0,Pending,2024-10-03T00:00:00,2024-10-07T00:00:00
599,18,208,10,2024-07-16,Early Bird,4,100.0,60.0,400.0,340.0,Pending,2024-07-16T00:00:00,2024-07-18T00:00:00
600,10,251,4,2024-05-13,Early Bird,4,200.0,0.0,800.0,800.0,Paid,2024-05-13T00:00:00,2024-05-18T00:00:00
601,9,14,7,2025-01-11,Premium,1,40.0,0.0,40.0,40.0,Refunded,2025-01-11T00:00:00,2025-01-15T00:00:00
602,44,267,1,2024-10-27,Early Bird,2,50.0,0.0,100.0,100.0,Refunded,2024-10-27T00:00:00,2024-10-28T00:00:00
603,19,176,8,2024-10-22,Standard,4,110.0,44.0,440.0,396.0,Paid,2024-10-22T00:00:00,2024-10-25T00:00:00
604,57,193,5,2024-08-25,Early Bird,1,82.5,12.38,82.5,70.12,Refunded,2024-08-25T00:00:00,2024-08-25T00:00:00
605,3,221,7,2024-12-05,Premium,5,150.0,37.5,750.0,712.5,Paid,2024-12-05T00:00:00,2024-12-10T00:00:00
606,25,284,10,2024-05-18,Early Bird,1,240.0,36.0,240.0,204.0,Refunded,2024-05-18T00:00:00,2024-05-22T00:00:00
607,55,254,4,2024-11-30,Early Bird,5,120.0,90.0,600.0,510.0,Pending,2024-11-30T00:00:00,2024-12-05T00:00:00
608,23,24,,2024-09-29,Premium,3,100.0,0.0,300.0,300.0,Paid,2024-09-29T00:00:00,2024-10-01T00:00:00
609,52,50,6,2024-06-19,Early Bird,5,120.0,60.0,600.0,540.0,Paid,2024-06-19T00:00:00,2024-06-21T00:00:00
610,27,160,3,2024-11-30,Standard,1,90.0,4.5,90.0,85.5,Paid,2024-11-30T00:00:00,2024-12-02T00:00:00
611,8,236,,2024-12-03,Early Bird,2,160.0,32.0,320.0,288.0,Pending,2024-12-03T00:00:00,2024-12-07T00:00:00
612,58,12,9,2024-08-17,VIP,3,200.0,90.0,600.0,510.0,Refunded,2024-08-17T00:00:00,2024-08-21T00:00:00
613,25,106,1,2024-06-08,VIP,5,160.0,120.0,800.0,680.0,Refunded,2024-06-08T00:00:00,2024-06-12T00:00:00
614,52,224,5,2024-06-16,Premium,3,135.0,40.5,405.0,364.5,Refunded,2024-06-16T00:00:00,2024-06-21T00:00:00
615,55,136,4,2024-09-11,Standard,1,180.0,9.0,180.0,171.0,Paid,2024-09-11T00:00:00,2024-09-15T00:00:00
616,26,49,9,2024-06-14,VIP,2,90.0,0.0,180.0,180.0,Paid,2024-06-14T00:00:00,2024-06-14T00:00:00
617,37,178,3,2024-04-09,Standard,5,275.0,206.25,1375.0,1168.75,Paid,2024-04-09T00:00:00,2024-04-13T00:00:00
618,52,213,3,2024-08-14,Early Bird,4,180.0,72.0,720.0,648.0,Paid,2024-08-14T00:00:00,2024-08-18T00:00:00
619,33,265,10,2024-06-09,Premium,5,45.0,0.0,225.0,225.0,Pending,2024-06-09T00:00:00,2024-06-12T00:00:00
620,14,31,9,2024-04-16,Premium,4,50.0,30.0,200.0,170.0,Paid,2024-04-16T00:00:00,2024-04-19T00:00:00
621,10,164,6,2024-07-20,Standard,2,250.0,75.0,500.0,425.0,Paid,2024-07-20T00:00:00,2024-07-23T00:00:00
622,18,121,10,2024-07-07,Early Bird,3,90.0,27.0,270.0,243.0,Paid,2024-07-07T00:00:00,2024-07-07T00:00:00
623,10,249,7,2024-07-26,Early Bird,1,225.0,22.5,225.0,202.5,Refunded,2024-07-26T00:00:00,2024-07-31T00:00:00
624,58,15,2,2024-10-05,VIP,2,225.0,45.0,450.0,405.0,Paid,2024-10-05T00:00:00,2024-10-10T00:00:00
625,36,43,,2025-01-06,VIP,1,220.0,0.0,220.0,220.0,Pending,2025-01-06T00:00:00,2025-01-08T00:00:00
626,56,72,6,2024-07-09,Premium,4,50.0,0.0,200.0,200.0,Paid,2024-07-09T00:00:00,2024-07-13T00:00:00
627,48,47,7,2024-05-06,Premium,1,120.0,12.0,120.0,108.0,Pending,2024-05-06T00:00:00,2024-05-06T00:00:00
628,50,217,3,2024-09-12,Premium,3,50.0,22.5,150.0,127.5,Paid,2024-09-12T00:00:00,2024-09-12T00:00:00
629,12,29,4,2025-01-10,Early Bird,3,165.0,74.25,495.0,420.75,Pending,2025-01-10T00:00:00,2025-01-12T00:00:00
630,45,127,7,2024-09-10,VIP,3,180.0,81.0,540.0,459.0,Paid,2024-09-10T00:00:00,2024-09-12T00:00:00
631,31,18,10,2024-06-03,Standard,3,50.0,0.0,150.0,150.0,Paid,2024-06-03T00:00:00,2024-06-05T00:00:00
632,36,122,8,2024-12-10,Early Bird,3,200.0,0.0,600.0,600.0,Refunded,2024-12-10T00:00:00,2024-12-10T00:00:00
633,59,153,3,2024-09-20,Premium,3,150.0,0.0,450.0,450.0,Paid,2024-09-20T00:00:00,2024-09-23T00:00:00
634,41,252,1,2024-07-21,Early Bird,4,80.0,32.0,320.0,288.0,Refunded,2024-07-21T00:00:00,2024-07-23T00:00:00
635,46,34,8,2024-11-30,VIP,1,90.0,9.0,90.0,81.0,Refunded,2024-11-30T00:00:00,2024-12-04T00:00:00
636,47,27,,2024-10-06,Premium,5,200.0,150.0,1000.0,850.0,Refunded,2024-10-06T00:00:00,2024-10-11T00:00:00
637,9,295,5,2025-01-14,Standard,4,45.0,18.0,180.0,162.0,Paid,2025-01-14T00:00:00,2025-01-15T00:00:00
638,16,232,5,2024-07-16,Early Bird,2,60.0,18.0,120.0,102.0,Paid,2024-07-16T00:00:00,2024-07-18T00:00:00
639,12,44,3,2024-11-11,Early Bird,5,150.0,75.0,750.0,675.0,Paid,2024-11-11T00:00:00,2024-11-12T00:00:00
640,26,12,,2024-06-04,Premium,4,90.0,18.0,360.0,342.0,Paid,2024-06-04T00:00:00,2024-06-07T00:00:00
641,13,220,9,2024-12-17,VIP,2,80.0,24.0,160.0,136.0,Paid,2024-12-17T00:00:00,2024-12-17T00:00:00
642,24,223,8,2024-08-27,Early Bird,5,60.0,0.0,300.0,300.0,Refunded,2024-08-27T00:00:00,2024-08-27T00:00:00
643,15,254,4,2024-08-07,Early Bird,2,180.0,36.0,360.0,324.0,Paid,2024-08-07T00:00:00,2024-08-10T00:00:00
644,55,97,10,2024-11-24,Early Bird,5,135.0,67.5,675.0,607.5,Paid,2024-11-24T00:00:00,2024-11-27T00:00:00
645,51,231,3,2024-07-02,Premium,1,100.0,10.0,100.0,90.0,Paid,2024-07-02T00:00:00,2024-07-06T00:00:00
646,44,69,7,2024-09-16,VIP,4,40.0,0.0,160.0,160.0,Refunded,2024-09-16T00:00:00,2024-09-21T00:00:00
647,14,49,1,2024-04-09,Standard,4,55.0,22.0,220.0,198.0,Paid,2024-04-09T00:00:00,2024-04-11T00:00:00
648,60,130,,2024-08-12,Early Bird,4,150.0,0.0,600.0,600.0,Paid,2024-08-12T00:00:00,2024-08-15T00:00:00
649,43,92,9,2024-08-17,VIP,2,90.0,0.0,180.0,180.0,Paid,2024-08-17T00:00:00,2024-08-21T00:00:00
650,32,163,1,2024-07-13,Early Bird,3,165.0,24.75,495.0,470.25,Paid,2024-07-13T00:00:00,2024-07-15T00:00:00
651,8,185,4,2024-12-06,Early Bird,1,180.0,27.0,180.0,153.0,Paid,2024-12-06T00:00:00,2024-12-08T00:00:00
652,40,85,6,2024-07-25,VIP,3,60.0,18.0,180.0,162.0,Refunded,2024-07-25T00:00:00,2024-07-26T00:00:00
653,36,28,2,2024-10-11,Premium,4,160.0,32.0,640.0,608.0,Paid,2024-10-11T00:00:00,2024-10-11T00:00:00
654,31,254,1,2024-07-31,Standard,2,55.0,16.5,110.0,93.5,Refunded,2024-07-31T00:00:00,2024-08-02T00:00:00
655,46,76,1,2024-11-13,Standard,4,110.0,66.0,440.0,374.0,Paid,2024-11-13T00:00:00,2024-11-13T00:00:00
656,14,140,8,2024-03-20,Premium,3,45.0,6.75,135.0,128.25,Pending,2024-03-20T00:00:00,2024-03-20T00:00:00
657,34,127,1,2024-07-03,Early Bird,5,67.5,50.62,337.5,286.88,Paid,2024-07-03T00:00:00,2024-07-05T00:00:00
658,2,55,9,2024-08-07,VIP,1,82.5,8.25,82.5,74.25,Paid,2024-08-07T00:00:00,2024-08-07T00:00:00
659,6,3,9,2024-10-08,VIP,4,55.0,22.0,220.0,198.0,Paid,2024-10-08T00:00:00,2024-10-13T00:00:00
660,40,25,3,2024-09-12,VIP,3,60.0,9.0,180.0,171.0,Paid,2024-09-12T00:00:00,2024-09-12T00:00:00
661,48,205,1,2024-06-30,VIP,5,120.0,90.0,600.0,510.0,Paid,2024-06-30T00:00:00,2024-07-01T00:00:00
662,50,84,3,2024-09-05,Early Bird,4,40.0,0.0,160.0,160.0,Refunded,2024-09-05T00:00:00,2024-09-07T00:00:00
663,42,222,7,2024-08-12,VIP,2,40.0,8.0,80.0,72.0,Pending,2024-08-12T00:00:00,2024-08-13T00:00:00
664,23,229,7,2024-10-12,Early Bird,1,100.0,5.0,100.0,95.0,Refunded,2024-10-12T00:00:00,2024-10-14T00:00:00
665,37,96,5,2024-05-05,Early Bird,4,200.0,120.0,800.0,680.0,Refunded,2024-05-05T00:00:00,2024-05-05T00:00:00
666,3,80,10,2024-10-23,Early Bird,3,165.0,24.75,495.0,470.25,Pending,2024-10-23T00:00:00,2024-10-28T00:00:00
667,42,41,6,2024-09-10,Early Bird,1,50.0,7.5,50.0,42.5,Paid,2024-09-10T00:00:00,2024-09-11T00:00:00
668,9,292,4,2024-10-19,Standard,3,45.0,20.25,135.0,114.75,Pending,2024-10-19T00:00:00,2024-10-19T00:00:00
669,59,49,6,2024-11-04,Early Bird,5,120.0,90.0,600.0,510.0,Pending,2024-11-04T00:00:00,2024-11-06T00:00:00
670,23,237,1,2024-12-04,Premium,5,80.0,0.0,400.0,400.0,Paid,2024-12-04T00:00:00,2024-12-07T00:00:00
671,3,233,9,2024-12-17,Early Bird,4,150.0,60.0,600.0,540.0,Pending,2024-12-17T00:00:00,2024-12-19T00:00:00
672,22,133,1,2024-05-23,Standard,2,225.0,22.5,450.0,427.5,Refunded,2024-05-23T00:00:00,2024-05-27T00:00:00
673,2,245,2,2024-09-12,Early Bird,4,60.0,0.0,240.0,240.0,Refunded,2024-09-12T00:00:00,2024-09-17T00:00:00
674,48,203,10,2024-04-23,VIP,4,100.0,40.0,400.0,360.0,Paid,2024-04-23T00:00:00,2024-04-24T00:00:00
675,9,14,3,2025-01-13,Premium,2,40.0,0.0,80.0,80.0,Refunded,2025-01-13T00:00:00,2025-01-18T00:00:00
676,10,155,1,2024-05-28,Early Bird,2,275.0,27.5,550.0,522.5,Paid,2024-05-28T00:00:00,2024-05-31T00:00:00
677,28,249,7,2024-08-27,Early Bird,1,180.0,9.0,180.0,171.0,Paid,2024-08-27T00:00:00,2024-08-30T00:00:00
678,38,171,,2024-09-15,Standard,2,75.0,22.5,150.0,127.5,Paid,2024-09-15T00:00:00,2024-09-20T00:00:00
679,55,284,9,2024-09-20,VIP,4,165.0,99.0,660.0,561.0,Paid,2024-09-20T00:00:00,2024-09-23T00:00:00
680,26,32,3,2024-07-24,Standard,5,90.0,67.5,450.0,382.5,Refunded,2024-07-24T00:00:00,2024-07-28T00:00:00
681,21,60,7,2024-10-07,Early Bird,1,200.0,30.0,200.0,170.0,Pending,2024-10-07T00:00:00,2024-10-12T00:00:00
682,23,99,4,2024-11-09,Early Bird,4,80.0,16.0,320.0,304.0,Paid,2024-11-09T00:00:00,2024-11-12T00:00:00
683,15,240,9,2024-09-03,Premium,2,240.0,48.0,480.0,432.0,Paid,2024-09-03T00:00:00,2024-09-08T00:00:00
684,46,107,2,2024-12-05,VIP,4,100.0,60.0,400.0,340.0,Paid,2024-12-05T00:00:00,2024-12-10T00:00:00
685,31,252,9,2024-08-17,Standard,2,45.0,4.5,90.0,85.5,Refunded,2024-08-17T00:00:00,2024-08-20T00:00:00
686,20,184,,2024-11-20,VIP,2,120.0,0.0,240.0,240.0,Paid,2024-11-20T00:00:00,2024-11-25T00:00:00
687,11,221,5,2024-12-18,Standard,5,200.0,0.0,1000.0,1000.0,Pending,2024-12-18T00:00:00,2024-12-19T00:00:00
688,8,182,5,2024-11-05,Standard,2,220.0,44.0,440.0,396.0,Pending,2024-11-05T00:00:00,2024-11-07T00:00:00
689,58,225,,2024-09-20,Early Bird,5,300.0,0.0,1500.0,1500.0,Paid,2024-09-20T00:00:00,2024-09-20T00:00:00
690,51,54,8,2024-05-03,Premium,5,80.0,0.0,400.0,400.0,Paid,2024-05-03T00:00:00,2024-05-04T00:00:00
691,59,256,8,2024-09-24,Standard,2,150.0,45.0,300.0,255.0,Paid,2024-09-24T00:00:00,2024-09-29T00:00:00
692,24,213,7,2024-08-06,Standard,2,60.0,6.0,120.0,114.0,Paid,2024-08-06T00:00:00,2024-08-09T00:00:00
693,22,191,4,2024-08-12,Early Bird,5,225.0,0.0,1125.0,1125.0,Paid,2024-08-12T00:00:00,2024-08-17T00:00:00
694,43,71,3,2024-09-02,Early Bird,2,90.0,27.0,180.0,153.0,Refunded,2024-09-02T00:00:00,2024-09-05T00:00:00
695,58,75,7,2024-08-12,Standard,5,250.0,0.0,1250.0,1250.0,Pending,2024-08-12T00:00:00,2024-08-12T00:00:00
696,6,32,6,2024-10-23,Early Bird,3,55.0,8.25,165.0,156.75,Paid,2024-10-23T00:00:00,2024-10-28T00:00:00
697,60,267,10,2024-06-21,VIP,2,180.0,0.0,360.0,360.0,Refunded,2024-06-21T00:00:00,2024-06-24T00:00:00
698,57,5,5,2024-09-24,VIP,5,75.0,37.5,375.0,337.5,Pending,2024-09-24T00:00:00,2024-09-28T00:00:00
699,59,227,8,2024-10-22,VIP,4,165.0,33.0,660.0,627.0,Refunded,2024-10-22T00:00:00,2024-10-23T00:00:00
700,57,65,6,2024-11-12,VIP,1,60.0,6.0,60.0,54.0,Paid,2024-11-12T00:00:00,2024-11-12T00:00:00
701,33,82,10,2024-05-28,Standard,3,60.0,18.0,180.0,162.0,Paid,2024-05-28T00:00:00,2024-06-01T00:00:00
702,38,57,8,2024-09-13,Standard,2,75.0,22.5,150.0,127.5,Paid,2024-09-13T00:00:00,2024-09-15T00:00:00
703,41,64,10,2024-06-27,Early Bird,3,80.0,0.0,240.0,240.0,Paid,2024-06-27T00:00:00,2024-07-01T00:00:00
704,48,290,9,2024-07-09,Premium,4,100.0,20.0,400.0,380.0,Paid,2024-07-09T00:00:00,2024-07-11T00:00:00
705,19,127,8,2024-10-21,Standard,5,90.0,67.5,450.0,382.5,Paid,2024-10-21T00:00:00,2024-10-25T00:00:00
706,38,218,2,2024-09-22,Early Bird,3,82.5,0.0,247.5,247.5,Paid,2024-09-22T00:00:00,2024-09-22T00:00:00
707,4,40,7,2024-05-17,VIP,2,165.0,16.5,330.0,313.5,Pending,2024-05-17T00:00:00,2024-05-20T00:00:00
708,38,256,9,2024-08-06,Early Bird,5,82.5,41.25,412.5,371.25,Refunded,2024-08-06T00:00:00,2024-08-11T00:00:00
709,60,66,8,2024-07-11,Early Bird,4,135.0,27.0,540.0,513.0,Refunded,2024-07-11T00:00:00,2024-07-12T00:00:00
710,46,243,7,2024-11-19,Standard,5,80.0,20.0,400.0,380.0,Paid,2024-11-19T00:00:00,2024-11-23T00:00:00
711,24,62,1,2024-05-23,VIP,1,90.0,13.5,90.0,76.5,Pending,2024-05-23T00:00:00,2024-05-25T00:00:00
712,3,192,4,2024-10-22,VIP,2,120.0,24.0,240.0,216.0,Paid,2024-10-22T00:00:00,2024-10-25T00:00:00
713,2,157,,2024-06-03,VIP,2,67.5,20.25,135.0,114.75,Paid,2024-06-03T00:00:00,2024-06-04T00:00:00
714,53,179,8,2024-07-19,Standard,4,120.0,0.0,480.0,480.0,Paid,2024-07-19T00:00:00,2024-07-22T00:00:00
715,31,194,5,2024-06-21,Early Bird,3,60.0,27.0,180.0,153.0,Pending,2024-06-21T00:00:00,2024-06-22T00:00:00
716,49,230,10,2025-01-03,Premium,5,110.0,82.5,550.0,467.5,Paid,2025-01-03T00:00:00,2025-01-03T00:00:00
717,52,203,3,2024-07-04,VIP,5,165.0,123.75,825.0,701.25,Pending,2024-07-04T00:00:00,2024-07-04T00:00:00
718,43,13,2,2024-06-12,VIP,4,75.0,0.0,300.0,300.0,Pending,2024-06-12T00:00:00,2024-06-17T00:00:00
719,8,278,9,2024-10-25,Standard,5,160.0,40.0,800.0,760.0,Pending,2024-10-25T00:00:00,2024-10-29T00:00:00
720,13,273,1,2024-10-15,Premium,4,120.0,0.0,480.0,480.0,Paid,2024-10-15T00:00:00,2024-10-17T00:00:00
721,51,274,1,2024-06-24,VIP,2,120.0,36.0,240.0,204.0,Refunded,2024-06-24T00:00:00,2024-06-28T00:00:00
722,3,213,2,2024-10-26,Standard,1,150.0,22.5,150.0,127.5,Pending,2024-10-26T00:00:00,2024-10-28T00:00:00
723,25,87,8,2024-06-17,VIP,1,160.0,0.0,160.0,160.0,Paid,2024-06-17T00:00:00,2024-06-18T00:00:00
724,17,87,6,2024-10-24,Standard,1,67.5,6.75,67.5,60.75,Pending,2024-10-24T00:00:00,2024-10-26T00:00:00
725,12,164,1,2025-02-03,Premium,1,150.0,22.5,150.0,127.5,Refunded,2025-02-03T00:00:00,2025-02-05T00:00:00
726,17,122,3,2024-12-13,Early Bird,1,60.0,3.0,60.0,57.0,Pending,2024-12-13T00:00:00,2024-12-17T00:00:00
727,25,284,7,2024-07-05,Early Bird,3,160.0,48.0,480.0,432.0,Paid,2024-07-05T00:00:00,2024-07-08T00:00:00
728,2,52,8,2024-07-22,Premium,2,60.0,12.0,120.0,108.0,Pending,2024-07-22T00:00:00,2024-07-27T00:00:00
729,51,43,7,2024-07-04,Premium,3,120.0,54.0,360.0,306.0,Paid,2024-07-04T00:00:00,2024-07-06T00:00:00
730,35,232,8,2025-02-02,Standard,2,60.0,18.0,120.0,102.0,Paid,2025-02-02T00:00:00,2025-02-05T00:00:00
731,54,247,,2024-10-31,VIP,3,180.0,0.0,540.0,540.0,Pending,2024-10-31T00:00:00,2024-11-02T00:00:00
732,54,262,9,2024-10-23,VIP,4,200.0,40.0,800.0,760.0,Paid,2024-10-23T00:00:00,2024-10-24T00:00:00
733,48,203,1,2024-05-02,Standard,5,80.0,40.0,400.0,360.0,Paid,2024-05-02T00:00:00,2024-05-07T00:00:00
734,36,176,10,2024-12-24,VIP,4,180.0,72.0,720.0,648.0,Refunded,2024-12-24T00:00:00,2024-12-26T00:00:00
735,16,169,7,2024-06-28,Standard,3,50.0,7.5,150.0,142.5,Paid,2024-06-28T00:00:00,2024-07-03T00:00:00
736,60,89,,2024-09-11,Early Bird,5,165.0,0.0,825.0,825.0,Pending,2024-09-11T00:00:00,2024-09-16T00:00:00
737,46,40,10,2024-11-22,Standard,4,120.0,0.0,480.0,480.0,Refunded,2024-11-22T00:00:00,2024-11-27T00:00:00
738,8,91,6,2024-12-01,Standard,4,240.0,96.0,960.0,864.0,Paid,2024-12-01T00:00:00,2024-12-04T00:00:00
739,24,11,3,2024-05-21,VIP,2,82.5,0.0,165.0,165.0,Paid,2024-05-21T00:00:00,2024-05-22T00:00:00
740,6,253,3,2024-08-23,VIP,5,50.0,12.5,250.0,237.5,Paid,2024-08-23T00:00:00,2024-08-25T00:00:00
741,32,203,3,2024-07-17,Standard,5,135.0,0.0,675.0,675.0,Paid,2024-07-17T00:00:00,2024-07-21T00:00:00
742,33,290,10,2024-06-04,Premium,2,60.0,6.0,120.0,114.0,Paid,2024-06-04T00:00:00,2024-06-08T00:00:00
743,9,117,9,2024-10-11,VIP,1,45.0,4.5,45.0,40.5,Paid,2024-10-11T00:00:00,2024-10-16T00:00:00
744,2,287,10,2024-06-16,Early Bird,5,90.0,45.0,450.0,405.0,Paid,2024-06-16T00:00:00,2024-06-19T00:00:00
745,42,141,6,2024-08-22,Standard,1,50.0,7.5,50.0,42.5,Pending,2024-08-22T00:00:00,2024-08-25T00:00:00
746,32,143,,2024-09-24,Early Bird,5,120.0,30.0,600.0,570.0,Pending,2024-09-24T00:00:00,2024-09-27T00:00:00
747,21,293,1,2024-12-16,Standard,4,180.0,72.0,720.0,648.0,Paid,2024-12-16T00:00:00,2024-12-21T00:00:00
748,28,160,5,2024-08-20,Standard,2,180.0,18.0,360.0,342.0,Paid,2024-08-20T00:00:00,2024-08-20T00:00:00
749,31,127,4,2024-07-09,Standard,1,60.0,6.0,60.0,54.0,Refunded,2024-07-09T00:00:00,2024-07-10T00:00:00
750,22,225,1,2024-06-03,Standard,1,250.0,12.5,250.0,237.5,Refunded,2024-06-03T00:00:00,2024-06-07T00:00:00
751,8,34,5,2025-01-05,Premium,1,160.0,24.0,160.0,136.0,Paid,2025-01-05T00:00:00,2025-01-08T00:00:00
752,4,29,1,2024-06-02,Standard,5,165.0,0.0,825.0,825.0,Paid,2024-06-02T00:00:00,2024-06-05T00:00:00
753,26,6,9,2024-09-12,Early Bird,5,82.5,20.62,412.5,391.88,Refunded,2024-09-12T00:00:00,2024-09-15T00:00:00
754,51,14,5,2024-05-27,Early Bird,5,120.0,0.0,600.0,600.0,Pending,2024-05-27T00:00:00,2024-05-29T00:00:00
755,38,35,9,2024-09-22,Premium,1,60.0,0.0,60.0,60.0,Pending,2024-09-22T00:00:00,2024-09-23T00:00:00
756,41,228,7,2024-06-26,Premium,3,100.0,45.0,300.0,255.0,Paid,2024-06-26T00:00:00,2024-06-27T00:00:00
757,52,224,9,2024-09-16,VIP,1,135.0,13.5,135.0,121.5,Paid,2024-09-16T00:00:00,2024-09-20T00:00:00
758,57,176,4,2024-10-12,VIP,2,67.5,20.25,135.0,114.75,Paid,2024-10-12T00:00:00,2024-10-12T00:00:00
759,34,287,8,2024-07-26,Standard,2,60.0,6.0,120.0,114.0,Refunded,2024-07-26T00:00:00,2024-07-28T00:00:00
760,13,244,3,2024-12-25,Early Bird,2,80.0,16.0,160.0,144.0,Pending,2024-12-25T00:00:00,2024-12-30T00:00:00
761,22,154,9,2024-05-31,Early Bird,5,300.0,150.0,1500.0,1350.0,Paid,2024-05-31T00:00:00,2024-06-01T00:00:00
762,7,115,,2024-09-30,Premium,1,110.0,5.5,110.0,104.5,Refunded,2024-09-30T00:00:00,2024-10-04T00:00:00
763,14,205,3,2024-06-09,Premium,4,50.0,30.0,200.0,170.0,Paid,2024-06-09T00:00:00,2024-06-11T00:00:00
764,1,149,2,2024-09-30,Early Bird,3,60.0,0.0,180.0,180.0,Paid,2024-09-30T00:00:00,2024-10-05T00:00:00
765,38,102,3,2024-06-22,VIP,3,60.0,0.0,180.0,180.0,Paid,2024-06-22T00:00:00,2024-06-23T00:00:00
766,57,101,2,2024-11-17,Standard,2,75.0,7.5,150.0,142.5,Paid,2024-11-17T00:00:00,2024-11-19T00:00:00
767,59,57,10,2024-10-28,VIP,1,135.0,20.25,135.0,114.75,Paid,2024-10-28T00:00:00,2024-10-30T00:00:00
768,30,223,8,2024-12-16,Standard,3,200.0,30.0,600.0,570.0,Paid,2024-12-16T00:00:00,2024-12-17T00:00:00
769,57,194,8,2024-08-24,VIP,2,67.5,6.75,135.0,128.25,Paid,2024-08-24T00:00:00,2024-08-28T00:00:00
770,28,151,8,2024-06-09,Premium,2,160.0,16.0,320.0,304.0,Paid,2024-06-09T00:00:00,2024-06-10T00:00:00
771,4,42,3,2024-04-21,Early Bird,3,135.0,60.75,405.0,344.25,Pending,2024-04-21T00:00:00,2024-04-21T00:00:00
772,11,266,7,2024-11-05,Early Bird,4,300.0,120.0,1200.0,1080.0,Paid,2024-11-05T00:00:00,2024-11-07T00:00:00
773,46,138,7,2024-12-07,Early Bird,5,110.0,82.5,550.0,467.5,Pending,2024-12-07T00:00:00,2024-12-12T00:00:00
774,3,203,3,2024-12-01,Premium,2,135.0,40.5,270.0,229.5,Paid,2024-12-01T00:00:00,2024-12-04T00:00:00
775,57,282,4,2024-11-02,Standard,5,67.5,33.75,337.5,303.75,Paid,2024-11-02T00:00:00,2024-11-02T00:00:00
776,19,22,9,2024-11-19,Early Bird,5,100.0,25.0,500.0,475.0,Pending,2024-11-19T00:00:00,2024-11-23T00:00:00
777,22,189,6,2024-07-25,Early Bird,4,275.0,165.0,1100.0,935.0,Paid,2024-07-25T00:00:00,2024-07-27T00:00:00
778,25,39,4,2024-07-16,VIP,2,220.0,22.0,440.0,418.0,Paid,2024-07-16T00:00:00,2024-07-18T00:00:00
779,54,117,4,2024-11-15,Standard,5,240.0,0.0,1200.0,1200.0,Paid,2024-11-15T00:00:00,2024-11-15T00:00:00
780,24,169,3,2024-09-13,VIP,5,67.5,33.75,337.5,303.75,Paid,2024-09-13T00:00:00,2024-09-18T00:00:00
781,53,134,8,2024-07-15,Standard,3,135.0,20.25,405.0,384.75,Paid,2024-07-15T00:00:00,2024-07-17T00:00:00
782,53,263,7,2024-09-07,Premium,4,165.0,0.0,660.0,660.0,Refunded,2024-09-07T00:00:00,2024-09-08T00:00:00
783,15,283,8,2024-08-06,Early Bird,2,220.0,22.0,440.0,418.0,Refunded,2024-08-06T00:00:00,2024-08-08T00:00:00
784,51,108,6,2024-07-10,Early Bird,3,90.0,40.5,270.0,229.5,Refunded,2024-07-10T00:00:00,2024-07-14T00:00:00
785,2,5,4,2024-07-27,Early Bird,2,90.0,9.0,180.0,171.0,Paid,2024-07-27T00:00:00,2024-07-29T00:00:00
786,15,12,5,2024-09-14,Standard,4,220.0,88.0,880.0,792.0,Paid,2024-09-14T00:00:00,2024-09-15T00:00:00
787,22,105,6,2024-07-07,Early Bird,5,300.0,225.0,1500.0,1275.0,Paid,2024-07-07T00:00:00,2024-07-11T00:00:00
788,25,232,9,2024-06-25,VIP,4,160.0,64.0,640.0,576.0,Paid,2024-06-25T00:00:00,2024-06-26T00:00:00
789,7,251,9,2024-09-02,Standard,5,90.0,0.0,450.0,450.0,Paid,2024-09-02T00:00:00,2024-09-03T00:00:00
790,5,150,3,2024-09-03,Standard,4,100.0,20.0,400.0,380.0,Refunded,2024-09-03T00:00:00,2024-09-03T00:00:00
791,24,201,6,2024-07-13,Premium,1,67.5,6.75,67.5,60.75,Paid,2024-07-13T00:00:00,2024-07-14T00:00:00
792,35,67,3,2025-01-01,Premium,4,40.0,24.0,160.0,136.0,Paid,2025-01-01T00:00:00,2025-01-04T00:00:00
793,53,104,9,2024-07-23,Early Bird,4,135.0,54.0,540.0,486.0,Paid,2024-07-23T00:00:00,2024-07-24T00:00:00
794,1,127,9,2024-09-21,VIP,4,60.0,36.0,240.0,204.0,Pending,2024-09-21T00:00:00,2024-09-24T00:00:00
795,30,234,4,2024-11-17,VIP,5,160.0,0.0,800.0,800.0,Paid,2024-11-17T00:00:00,2024-11-20T00:00:00
796,40,222,2,2024-07-26,Early Bird,2,55.0,5.5,110.0,104.5,Refunded,2024-07-26T00:00:00,2024-07-31T00:00:00
797,12,123,,2024-11-09,Premium,5,120.0,90.0,600.0,510.0,Paid,2024-11-09T00:00:00,2024-11-14T00:00:00
798,35,284,6,2025-01-17,Standard,1,45.0,6.75,45.0,38.25,Paid,2025-01-17T00:00:00,2025-01-17T00:00:00
799,49,85,7,2025-01-07,VIP,5,100.0,75.0,500.0,425.0,Paid,2025-01-07T00:00:00,2025-01-11T00:00:00
800,3,176,6,2024-10-29,Early Bird,1,120.0,18.0,120.0,102.0,Paid,2024-10-29T00:00:00,2024-11-01T00:00:00
801,3,238,5,2024-12-26,Early Bird,3,120.0,18.0,360.0,342.0,Refunded,2024-12-26T00:00:00,2024-12-26T00:00:00
802,6,143,7,2024-09-26,Premium,2,55.0,5.5,110.0,104.5,Paid,2024-09-26T00:00:00,2024-09-26T00:00:00
803,39,201,8,2025-01-07,Premium,2,200.0,0.0,400.0,400.0,Paid,2025-01-07T00:00:00,2025-01-12T00:00:00
804,49,92,5,2025-01-19,Premium,3,90.0,40.5,270.0,229.5,Paid,2025-01-19T00:00:00,2025-01-24T00:00:00
805,35,158,6,2025-01-27,Early Bird,4,40.0,0.0,160.0,160.0,Paid,2025-01-27T00:00:00,2025-01-31T00:00:00
806,1,123,5,2024-10-03,Premium,4,67.5,13.5,270.0,256.5,Paid,2024-10-03T00:00:00,2024-10-03T00:00:00
807,27,33,10,2025-01-10,Premium,1,100.0,5.0,100.0,95.0,Paid,2025-01-10T00:00:00,2025-01-15T00:00:00
808,11,56,8,2024-10-09,VIP,2,200.0,60.0,400.0,340.0,Paid,2024-10-09T00:00:00,2024-10-13T00:00:00
809,41,62,6,2024-08-06,Premium,5,90.0,67.5,450.0,382.5,Paid,2024-08-06T00:00:00,2024-08-06T00:00:00
810,23,162,10,2024-11-25,Standard,2,80.0,24.0,160.0,136.0,Refunded,2024-11-25T00:00:00,2024-11-26T00:00:00
811,30,35,,2024-12-18,Premium,1,200.0,20.0,200.0,180.0,Refunded,2024-12-18T00:00:00,2024-12-20T00:00:00
812,50,49,4,2024-10-09,VIP,4,40.0,8.0,160.0,152.0,Refunded,2024-10-09T00:00:00,2024-10-14T00:00:00
813,60,163,10,2024-06-05,Early Bird,2,150.0,15.0,300.0,285.0,Paid,2024-06-05T00:00:00,2024-06-07T00:00:00
814,2,120,8,2024-06-27,Standard,5,82.5,61.88,412.5,350.62,Paid,2024-06-27T00:00:00,2024-06-27T00:00:00
815,40,125,6,2024-08-03,Standard,1,50.0,2.5,50.0,47.5,Paid,2024-08-03T00:00:00,2024-08-04T00:00:00
816,24,105,6,2024-07-16,Standard,3,67.5,10.12,202.5,192.38,Paid,2024-07-16T00:00:00,2024-07-21T00:00:00
817,39,21,5,2024-11-24,Early Bird,3,180.0,54.0,540.0,486.0,Paid,2024-11-24T00:00:00,2024-11-24T00:00:00
818,15,277,3,2024-07-21,Standard,3,200.0,30.0,600.0,570.0,Paid,2024-07-21T00:00:00,2024-07-26T00:00:00
819,45,165,8,2024-06-24,Premium,2,180.0,54.0,360.0,306.0,Refunded,2024-06-24T00:00:00,2024-06-29T00:00:00
820,1,73,,2024-10-01,Premium,4,60.0,12.0,240.0,228.0,Paid,2024-10-01T00:00:00,2024-10-01T00:00:00
821,12,41,8,2024-11-23,Early Bird,5,135.0,33.75,675.0,641.25,Refunded,2024-11-23T00:00:00,2024-11-25T00:00:00
822,11,128,2,2024-10-09,VIP,2,225.0,67.5,450.0,382.5,Paid,2024-10-09T00:00:00,2024-10-13T00:00:00
823,29,185,1,2024-11-03,Early Bird,2,150.0,45.0,300.0,255.0,Refunded,2024-11-03T00:00:00,2024-11-04T00:00:00
824,31,247,2,2024-07-08,Standard,4,60.0,36.0,240.0,204.0,Refunded,2024-07-08T00:00:00,2024-07-11T00:00:00
825,55,90,8,2024-12-10,VIP,3,180.0,27.0,540.0,513.0,Refunded,2024-12-10T00:00:00,2024-12-13T00:00:00
826,20,171,1,2024-10-23,Premium,3,110.0,49.5,330.0,280.5,Refunded,2024-10-23T00:00:00,2024-10-24T00:00:00
827,10,192,8,2024-04-24,Early Bird,2,200.0,0.0,400.0,400.0,Refunded,2024-04-24T00:00:00,2024-04-27T00:00:00
828,26,37,4,2024-06-21,Early Bird,3,82.5,37.12,247.5,210.38,Paid,2024-06-21T00:00:00,2024-06-21T00:00:00
829,25,131,6,2024-03-22,VIP,5,180.0,45.0,900.0,855.0,Pending,2024-03-22T00:00:00,2024-03-27T00:00:00
830,32,127,6,2024-08-20,Premium,3,120.0,54.0,360.0,306.0,Refunded,2024-08-20T00:00:00,2024-08-20T00:00:00
831,59,234,4,2024-07-28,Premium,3,120.0,18.0,360.0,342.0,Paid,2024-07-28T00:00:00,2024-07-29T00:00:00
832,39,197,1,2024-11-06,Early Bird,2,160.0,0.0,320.0,320.0,Pending,2024-11-06T00:00:00,2024-11-06T00:00:00
833,34,130,6,2024-06-15,VIP,2,82.5,8.25,165.0,156.75,Pending,2024-06-15T00:00:00,2024-06-19T00:00:00
834,43,46,6,2024-06-12,Standard,4,90.0,36.0,360.0,324.0,Pending,2024-06-12T00:00:00,2024-06-14T00:00:00
835,53,4,4,2024-10-03,Premium,3,135.0,60.75,405.0,344.25,Refunded,2024-10-03T00:00:00,2024-10-03T00:00:00
836,7,148,10,2024-11-19,Early Bird,4,120.0,72.0,480.0,408.0,Paid,2024-11-19T00:00:00,2024-11-20T00:00:00
837,24,258,2,2024-08-25,Standard,2,67.5,20.25,135.0,114.75,Refunded,2024-08-25T00:00:00,2024-08-29T00:00:00
838,53,99,2,2024-09-24,VIP,2,135.0,0.0,270.0,270.0,Refunded,2024-09-24T00:00:00,2024-09-27T00:00:00
839,41,151,1,2024-05-06,Standard,5,80.0,20.0,400.0,380.0,Refunded,2024-05-06T00:00:00,2024-05-06T00:00:00
840,18,249,7,2024-10-12,Standard,3,80.0,12.0,240.0,228.0,Paid,2024-10-12T00:00:00,2024-10-12T00:00:00
841,18,109,1,2024-07-16,Standard,1,120.0,0.0,120.0,120.0,Refunded,2024-07-16T00:00:00,2024-07-20T00:00:00
842,34,220,5,2024-07-04,VIP,3,82.5,37.12,247.5,210.38,Paid,2024-07-04T00:00:00,2024-07-09T00:00:00
843,57,205,10,2024-11-07,Early Bird,3,67.5,20.25,202.5,182.25,Pending,2024-11-07T00:00:00,2024-11-07T00:00:00
844,23,206,7,2024-09-16,Premium,3,80.0,0.0,240.0,240.0,Paid,2024-09-16T00:00:00,2024-09-20T00:00:00
845,8,232,5,2024-09-26,Early Bird,5,200.0,50.0,1000.0,950.0,Pending,2024-09-26T00:00:00,2024-09-29T00:00:00
846,43,185,10,2024-09-09,Standard,1,75.0,0.0,75.0,75.0,Paid,2024-09-09T00:00:00,2024-09-14T00:00:00
847,29,42,9,2024-12-25,VIP,5,165.0,123.75,825.0,701.25,Refunded,2024-12-25T00:00:00,2024-12-28T00:00:00
848,43,100,9,2024-06-16,Premium,1,82.5,8.25,82.5,74.25,Pending,2024-06-16T00:00:00,2024-06-20T00:00:00
849,51,45,7,2024-04-02,VIP,5,80.0,20.0,400.0,380.0,Pending,2024-04-02T00:00:00,2024-04-05T00:00:00
850,11,277,10,2024-09-17,Premium,4,200.0,120.0,800.0,680.0,Paid,2024-09-17T00:00:00,2024-09-18T00:00:00
851,11,83,,2024-10-05,VIP,1,200.0,30.0,200.0,170.0,Refunded,2024-10-05T00:00:00,2024-10-07T00:00:00
852,15,70,10,2024-08-06,Early Bird,3,220.0,0.0,660.0,660.0,Paid,2024-08-06T00:00:00,2024-08-11T00:00:00
853,22,176,10,2024-05-29,Early Bird,2,300.0,0.0,600.0,600.0,Refunded,2024-05-29T00:00:00,2024-06-03T00:00:00
854,42,133,3,2024-08-08,Standard,5,55.0,13.75,275.0,261.25,Paid,2024-08-08T00:00:00,2024-08-08T00:00:00
855,8,294,1,2025-01-04,VIP,3,240.0,36.0,720.0,684.0,Paid,2025-01-04T00:00:00,2025-01-06T00:00:00
856,25,275,9,2024-05-07,Premium,1,200.0,0.0,200.0,200.0,Refunded,2024-05-07T00:00:00,2024-05-10T00:00:00
857,21,203,1,2024-09-09,Standard,3,180.0,27.0,540.0,513.0,Pending,2024-09-09T00:00:00,2024-09-12T00:00:00
858,21,234,10,2024-11-28,Premium,3,180.0,81.0,540.0,459.0,Pending,2024-11-28T00:00:00,2024-11-30T00:00:00
859,10,258,4,2024-05-16,Standard,1,300.0,30.0,300.0,270.0,Paid,2024-05-16T00:00:00,2024-05-21T00:00:00
860,37,31,6,2024-05-20,VIP,2,275.0,55.0,550.0,495.0,Paid,2024-05-20T00:00:00,2024-05-25T00:00:00
861,14,201,7,2024-03-23,VIP,2,40.0,4.0,80.0,76.0,Paid,2024-03-23T00:00:00,2024-03-23T00:00:00
862,36,201,5,2024-12-09,Early Bird,3,220.0,99.0,660.0,561.0,Paid,2024-12-09T00:00:00,2024-12-13T00:00:00
863,47,68,1,2024-12-13,VIP,3,180.0,81.0,540.0,459.0,Pending,2024-12-13T00:00:00,2024-12-13T00:00:00
864,55,71,9,2024-08-23,Early Bird,3,165.0,24.75,495.0,470.25,Refunded,2024-08-23T00:00:00,2024-08-25T00:00:00
865,58,5,10,2024-09-21,VIP,2,225.0,22.5,450.0,427.5,Pending,2024-09-21T00:00:00,2024-09-21T00:00:00
866,44,87,10,2024-08-29,Standard,2,55.0,16.5,110.0,93.5,Paid,2024-08-29T00:00:00,2024-08-31T00:00:00
867,31,223,9,2024-08-11,Premium,1,40.0,4.0,40.0,36.0,Refunded,2024-08-11T00:00:00,2024-08-12T00:00:00
868,3,89,4,2024-12-12,Early Bird,2,165.0,49.5,330.0,280.5,Paid,2024-12-12T00:00:00,2024-12-15T00:00:00
869,56,6,5,2024-04-04,Standard,4,50.0,30.0,200.0,170.0,Paid,2024-04-04T00:00:00,2024-04-04T00:00:00
870,8,294,9,2024-11-14,Early Bird,5,180.0,0.0,900.0,900.0,Paid,2024-11-14T00:00:00,2024-11-19T00:00:00
871,48,223,7,2024-06-27,VIP,5,90.0,67.5,450.0,382.5,Pending,2024-06-27T00:00:00,2024-06-28T00:00:00
872,7,11,6,2024-10-17,Early Bird,1,120.0,6.0,120.0,114.0,Pending,2024-10-17T00:00:00,2024-10-21T00:00:00
873,51,300,8,2024-04-08,Standard,5,110.0,0.0,550.0,550.0,Paid,2024-04-08T00:00:00,2024-04-13T00:00:00
874,58,285,,2024-09-24,Early Bird,2,300.0,30.0,600.0,570.0,Paid,2024-09-24T00:00:00,2024-09-24T00:00:00
875,3,288,1,2024-12-11,VIP,5,135.0,33.75,675.0,641.25,Paid,2024-12-11T00:00:00,2024-12-11T00:00:00
876,8,1,6,2024-11-12,Premium,3,200.0,30.0,600.0,570.0,Paid,2024-11-12T00:00:00,2024-11-12T00:00:00
877,34,296,2,2024-06-16,Early Bird,3,90.0,40.5,270.0,229.5,Paid,2024-06-16T00:00:00,2024-06-20T00:00:00
878,59,23,1,2024-09-25,Premium,5,180.0,45.0,900.0,855.0,Paid,2024-09-25T00:00:00,2024-09-26T00:00:00
879,10,184,9,2024-07-12,VIP,2,225.0,22.5,450.0,427.5,Paid,2024-07-12T00:00:00,2024-07-17T00:00:00
880,40,196,4,2024-09-15,Premium,1,60.0,6.0,60.0,54.0,Refunded,2024-09-15T00:00:00,2024-09-18T00:00:00
881,6,138,1,2024-11-03,Premium,4,45.0,9.0,180.0,171.0,Paid,2024-11-03T00:00:00,2024-11-07T00:00:00
882,43,79,6,2024-07-13,VIP,5,90.0,22.5,450.0,427.5,Refunded,2024-07-13T00:00:00,2024-07-16T00:00:00
883,2,273,1,2024-06-27,Standard,2,60.0,12.0,120.0,108.0,Pending,2024-06-27T00:00:00,2024-06-30T00:00:00
884,5,75,4,2024-11-16,Premium,1,100.0,10.0,100.0,90.0,Paid,2024-11-16T00:00:00,2024-11-16T00:00:00
885,7,90,1,2024-10-10,VIP,2,110.0,0.0,220.0,220.0,Pending,2024-10-10T00:00:00,2024-10-13T00:00:00
886,7,139,8,2024-09-21,Standard,3,120.0,36.0,360.0,324.0,Paid,2024-09-21T00:00:00,2024-09-22T00:00:00
887,21,273,10,2024-09-11,Early Bird,4,180.0,72.0,720.0,648.0,Refunded,2024-09-11T00:00:00,2024-09-15T00:00:00
888,9,65,10,2024-12-12,Premium,1,60.0,3.0,60.0,57.0,Refunded,2024-12-12T00:00:00,2024-12-16T00:00:00
889,48,215,10,2024-06-05,Early Bird,1,100.0,5.0,100.0,95.0,Paid,2024-06-05T00:00:00,2024-06-08T00:00:00
890,23,220,4,2024-09-25,Premium,4,120.0,48.0,480.0,432.0,Paid,2024-09-25T00:00:00,2024-09-30T00:00:00
891,55,41,1,2024-12-09,Standard,3,165.0,49.5,495.0,445.5,Paid,2024-12-09T00:00:00,2024-12-09T00:00:00
892,11,253,8,2024-10-28,Standard,1,200.0,20.0,200.0,180.0,Refunded,2024-10-28T00:00:00,2024-11-02T00:00:00
893,33,273,8,2024-04-09,Standard,2,55.0,16.5,110.0,93.5,Refunded,2024-04-09T00:00:00,2024-04-09T00:00:00
894,40,271,3,2024-10-15,Standard,1,55.0,5.5,55.0,49.5,Pending,2024-10-15T00:00:00,2024-10-18T00:00:00
895,11,188,1,2024-10-15,Premium,5,225.0,56.25,1125.0,1068.75,Pending,2024-10-15T00:00:00,2024-10-17T00:00:00
896,4,58,5,2024-05-17,VIP,4,165.0,33.0,660.0,627.0,Paid,2024-05-17T00:00:00,2024-05-21T00:00:00
897,55,151,7,2024-09-13,VIP,1,150.0,15.0,150.0,135.0,Paid,2024-09-13T00:00:00,2024-09-13T00:00:00
898,48,264,4,2024-04-20,Standard,5,110.0,27.5,550.0,522.5,Refunded,2024-04-20T00:00:00,2024-04-24T00:00:00
899,55,236,9,2024-10-19,VIP,1,150.0,0.0,150.0,150.0,Paid,2024-10-19T00:00:00,2024-10-21T00:00:00
900,7,5,5,2024-11-27,Standard,3,90.0,40.5,270.0,229.5,Refunded,2024-11-27T00:00:00,2024-11-30T00:00:00
901,13,64,6,2025-01-09,Early Bird,5,120.0,30.0,600.0,570.0,Paid,2025-01-09T00:00:00,2025-01-10T00:00:00
902,50,192,6,2024-10-01,VIP,3,45.0,20.25,135.0,114.75,Paid,2024-10-01T00:00:00,2024-10-04T00:00:00
903,58,225,7,2024-09-16,Premium,5,250.0,0.0,1250.0,1250.0,Paid,2024-09-16T00:00:00,2024-09-18T00:00:00
904,48,98,1,2024-05-15,VIP,1,100.0,5.0,100.0,95.0,Paid,2024-05-15T00:00:00,2024-05-16T00:00:00
905,26,102,10,2024-08-02,Early Bird,3,60.0,9.0,180.0,171.0,Paid,2024-08-02T00:00:00,2024-08-02T00:00:00
906,27,205,5,2024-11-12,Early Bird,5,110.0,27.5,550.0,522.5,Paid,2024-11-12T00:00:00,2024-11-12T00:00:00
907,7,257,5,2024-08-18,Standard,1,90.0,4.5,90.0,85.5,Paid,2024-08-18T00:00:00,2024-08-18T00:00:00
908,44,246,6,2024-08-23,VIP,3,55.0,0.0,165.0,165.0,Paid,2024-08-23T00:00:00,2024-08-26T00:00:00
909,6,96,8,2024-08-30,Premium,4,45.0,9.0,180.0,171.0,Paid,2024-08-30T00:00:00,2024-08-30T00:00:00
910,56,53,7,2024-06-14,Premium,2,55.0,5.5,110.0,104.5,Paid,2024-06-14T00:00:00,2024-06-18T00:00:00
911,41,206,2,2024-06-10,Standard,2,90.0,0.0,180.0,180.0,Paid,2024-06-10T00:00:00,2024-06-11T00:00:00
912,60,27,1,2024-08-24,Early Bird,4,120.0,24.0,480.0,456.0,Refunded,2024-08-24T00:00:00,2024-08-28T00:00:00
913,20,246,6,2024-09-22,Standard,2,90.0,18.0,180.0,162.0,Pending,2024-09-22T00:00:00,2024-09-25T00:00:00
914,42,144,5,2024-11-10,VIP,3,40.0,12.0,120.0,108.0,Refunded,2024-11-10T00:00:00,2024-11-11T00:00:00
915,21,27,,2024-08-24,VIP,1,180.0,0.0,180.0,180.0,Paid,2024-08-24T00:00:00,2024-08-26T00:00:00
916,31,130,2,2024-07-29,Early Bird,5,40.0,30.0,200.0,170.0,Paid,2024-07-29T00:00:00,2024-07-31T00:00:00
917,20,185,5,2024-12-06,VIP,1,80.0,4.0,80.0,76.0,Pending,2024-12-06T00:00:00,2024-12-10T00:00:00
918,39,197,9,2024-12-03,Standard,2,200.0,20.0,400.0,380.0,Paid,2024-12-03T00:00:00,2024-12-04T00:00:00
919,41,98,9,2024-05-27,Premium,5,80.0,0.0,400.0,400.0,Refunded,2024-05-27T00:00:00,2024-05-27T00:00:00
920,5,104,7,2024-10-20,Premium,5,100.0,50.0,500.0,450.0,Paid,2024-10-20T00:00:00,2024-10-21T00:00:00
921,13,230,5,2024-11-27,Standard,5,100.0,50.0,500.0,450.0,Refunded,2024-11-27T00:00:00,2024-11-27T00:00:00
922,31,141,2,2024-07-11,Premium,5,60.0,0.0,300.0,300.0,Paid,2024-07-11T00:00:00,2024-07-11T00:00:00
923,37,273,10,2024-07-13,Standard,2,275.0,82.5,550.0,467.5,Paid,2024-07-13T00:00:00,2024-07-16T00:00:00
924,49,140,6,2024-11-16,Premium,4,120.0,72.0,480.0,408.0,Paid,2024-11-16T00:00:00,2024-11-16T00:00:00
925,11,234,8,2024-10-28,VIP,2,300.0,0.0,600.0,600.0,Paid,2024-10-28T00:00:00,2024-10-29T00:00:00
926,19,115,2,2024-10-16,Standard,3,120.0,0.0,360.0,360.0,Pending,2024-10-16T00:00:00,2024-10-17T00:00:00
927,19,27,4,2025-01-09,Premium,2,100.0,10.0,200.0,190.0,Paid,2025-01-09T00:00:00,2025-01-13T00:00:00
928,8,43,5,2025-01-15,VIP,3,240.0,72.0,720.0,648.0,Paid,2025-01-15T00:00:00,2025-01-18T00:00:00
929,58,6,10,2024-07-23,VIP,3,250.0,0.0,750.0,750.0,Paid,2024-07-23T00:00:00,2024-07-28T00:00:00
930,18,132,6,2024-09-28,Premium,3,80.0,0.0,240.0,240.0,Refunded,2024-09-28T00:00:00,2024-09-29T00:00:00
931,21,229,2,2024-11-12,Premium,2,240.0,72.0,480.0,408.0,Refunded,2024-11-12T00:00:00,2024-11-14T00:00:00
932,10,236,2,2024-04-26,Premium,4,200.0,120.0,800.0,680.0,Paid,2024-04-26T00:00:00,2024-04-27T00:00:00
933,37,84,4,2024-05-19,Premium,2,250.0,0.0,500.0,500.0,Refunded,2024-05-19T00:00:00,2024-05-24T00:00:00
934,39,126,6,2024-12-26,Early Bird,1,180.0,0.0,180.0,180.0,Refunded,2024-12-26T00:00:00,2024-12-26T00:00:00
935,47,197,6,2024-11-12,Standard,2,160.0,0.0,320.0,320.0,Paid,2024-11-12T00:00:00,2024-11-12T00:00:00
936,49,138,1,2024-10-06,Premium,1,90.0,4.5,90.0,85.5,Pending,2024-10-06T00:00:00,2024-10-06T00:00:00
937,51,104,1,2024-07-19,Premium,1,120.0,12.0,120.0,108.0,Refunded,2024-07-19T00:00:00,2024-07-23T00:00:00
938,58,80,7,2024-08-14,Premium,2,250.0,50.0,500.0,450.0,Paid,2024-08-14T00:00:00,2024-08-18T00:00:00
939,45,53,,2024-08-21,VIP,5,120.0,0.0,600.0,600.0,Paid,2024-08-21T00:00:00,2024-08-25T00:00:00
940,57,13,3,2024-09-04,Premium,4,67.5,0.0,270.0,270.0,Refunded,2024-09-04T00:00:00,2024-09-07T00:00:00
941,10,58,10,2024-07-05,Early Bird,3,225.0,101.25,675.0,573.75,Paid,2024-07-05T00:00:00,2024-07-05T00:00:00
942,15,171,9,2024-10-24,Standard,3,200.0,0.0,600.0,600.0,Paid,2024-10-24T00:00:00,2024-10-24T00:00:00
943,58,272,6,2024-10-04,VIP,5,225.0,56.25,1125.0,1068.75,Pending,2024-10-04T00:00:00,2024-10-05T00:00:00
944,44,54,5,2024-10-14,VIP,2,50.0,10.0,100.0,90.0,Refunded,2024-10-14T00:00:00,2024-10-19T00:00:00
945,24,76,2,2024-05-21,VIP,3,60.0,0.0,180.0,180.0,Paid,2024-05-21T00:00:00,2024-05-24T00:00:00
946,29,219,9,2024-10-23,VIP,4,120.0,0.0,480.0,480.0,Paid,2024-10-23T00:00:00,2024-10-23T00:00:00
947,21,254,5,2024-11-30,Early Bird,2,220.0,44.0,440.0,396.0,Refunded,2024-11-30T00:00:00,2024-12-05T00:00:00
948,27,215,6,2024-10-28,Early Bird,3,90.0,13.5,270.0,256.5,Pending,2024-10-28T00:00:00,2024-11-01T00:00:00
949,32,298,1,2024-09-02,Early Bird,5,135.0,101.25,675.0,573.75,Pending,2024-09-02T00:00:00,2024-09-06T00:00:00
950,50,2,5,2024-09-27,Premium,2,40.0,4.0,80.0,76.0,Paid,2024-09-27T00:00:00,2024-09-29T00:00:00
951,36,185,5,2024-11-29,Premium,2,160.0,0.0,320.0,320.0,Paid,2024-11-29T00:00:00,2024-12-02T00:00:00
952,10,115,3,2024-05-05,Standard,5,275.0,68.75,1375.0,1306.25,Paid,2024-05-05T00:00:00,2024-05-05T00:00:00
953,45,191,6,2024-06-26,Standard,2,165.0,0.0,330.0,330.0,Paid,2024-06-26T00:00:00,2024-07-01T00:00:00
954,38,76,,2024-10-07,VIP,4,90.0,18.0,360.0,342.0,Paid,2024-10-07T00:00:00,2024-10-07T00:00:00
955,16,94,2,2024-09-11,Early Bird,1,60.0,9.0,60.0,51.0,Paid,2024-09-11T00:00:00,2024-09-16T00:00:00
956,34,228,5,2024-07-12,Standard,3,82.5,37.12,247.5,210.38,Paid,2024-07-12T00:00:00,2024-07-12T00:00:00
957,10,83,8,2024-08-12,Standard,1,300.0,15.0,300.0,285.0,Refunded,2024-08-12T00:00:00,2024-08-15T00:00:00
958,44,257,9,2024-08-17,VIP,4,60.0,24.0,240.0,216.0,Paid,2024-08-17T00:00:00,2024-08-20T00:00:00
959,60,109,2,2024-08-22,Early Bird,3,120.0,54.0,360.0,306.0,Pending,2024-08-22T00:00:00,2024-08-22T00:00:00
960,15,245,7,2024-09-17,VIP,2,240.0,0.0,480.0,480.0,Refunded,2024-09-17T00:00:00,2024-09-20T00:00:00
961,11,56,4,2025-01-03,Standard,3,275.0,41.25,825.0,783.75,Paid,2025-01-03T00:00:00,2025-01-05T00:00:00
962,39,84,4,2024-10-12,Standard,3,160.0,24.0,480.0,456.0,Paid,2024-10-12T00:00:00,2024-10-13T00:00:00
963,39,17,10,2025-01-18,Premium,3,180.0,27.0,540.0,513.0,Paid,2025-01-18T00:00:00,2025-01-18T00:00:00
964,37,25,,2024-05-09,VIP,1,300.0,45.0,300.0,255.0,Paid,2024-05-09T00:00:00,2024-05-11T00:00:00
965,1,201,5,2024-08-25,VIP,3,82.5,12.38,247.5,235.12,Paid,2024-08-25T00:00:00,2024-08-30T00:00:00
966,44,77,8,2024-11-25,Standard,3,55.0,0.0,165.0,165.0,Pending,2024-11-25T00:00:00,2024-11-28T00:00:00
967,31,238,2,2024-06-19,Standard,1,50.0,2.5,50.0,47.5,Paid,2024-06-19T00:00:00,2024-06-24T00:00:00
968,15,265,8,2024-07-16,VIP,2,180.0,18.0,360.0,342.0,Refunded,2024-07-16T00:00:00,2024-07-17T00:00:00
969,22,199,,2024-08-11,Premium,3,300.0,135.0,900.0,765.0,Paid,2024-08-11T00:00:00,2024-08-15T00:00:00
970,39,8,1,2025-01-10,Premium,2,240.0,72.0,480.0,408.0,Paid,2025-01-10T00:00:00,2025-01-14T00:00:00
971,56,161,7,2024-04-06,Premium,1,55.0,0.0,55.0,55.0,Paid,2024-04-06T00:00:00,2024-04-07T00:00:00
972,5,37,1,2024-11-23,Premium,5,100.0,50.0,500.0,450.0,Refunded,2024-11-23T00:00:00,2024-11-25T00:00:00
973,31,250,9,2024-08-01,Standard,4,45.0,0.0,180.0,180.0,Paid,2024-08-01T00:00:00,2024-08-03T00:00:00
974,26,263,5,2024-08-03,VIP,5,67.5,50.62,337.5,286.88,Paid,2024-08-03T00:00:00,2024-08-03T00:00:00
975,44,22,10,2024-10-16,Standard,5,55.0,27.5,275.0,247.5,Paid,2024-10-16T00:00:00,2024-10-21T00:00:00
976,53,193,4,2024-08-11,Premium,1,135.0,0.0,135.0,135.0,Pending,2024-08-11T00:00:00,2024-08-14T00:00:00
977,55,48,10,2024-12-11,VIP,2,165.0,49.5,330.0,280.5,Refunded,2024-12-11T00:00:00,2024-12-14T00:00:00
978,42,56,2,2024-09-09,Early Bird,4,40.0,0.0,160.0,160.0,Refunded,2024-09-09T00:00:00,2024-09-10T00:00:00
979,26,249,9,2024-08-13,Premium,1,75.0,7.5,75.0,67.5,Refunded,2024-08-13T00:00:00,2024-08-13T00:00:00
980,18,75,7,2024-08-23,Premium,1,120.0,6.0,120.0,114.0,Paid,2024-08-23T00:00:00,2024-08-27T00:00:00
981,3,243,6,2024-10-12,Premium,4,120.0,48.0,480.0,432.0,Paid,2024-10-12T00:00:00,2024-10-13T00:00:00
982,56,91,10,2024-07-15,Standard,4,50.0,20.0,200.0,180.0,Paid,2024-07-15T00:00:00,2024-07-15T00:00:00
983,18,269,6,2024-08-30,Premium,1,100.0,15.0,100.0,85.0,Paid,2024-08-30T00:00:00,2024-08-31T00:00:00
984,54,85,4,2025-01-12,Premium,1,220.0,22.0,220.0,198.0,Paid,2025-01-12T00:00:00,2025-01-15T00:00:00
985,31,293,5,2024-07-04,Early Bird,5,45.0,33.75,225.0,191.25,Paid,2024-07-04T00:00:00,2024-07-08T00:00:00
986,51,297,10,2024-03-28,Premium,5,90.0,0.0,450.0,450.0,Paid,2024-03-28T00:00:00,2024-04-02T00:00:00
987,53,76,7,2024-07-20,Early Bird,3,120.0,18.0,360.0,342.0,Paid,2024-07-20T00:00:00,2024-07-20T00:00:00
988,51,65,7,2024-04-25,Early Bird,4,100.0,0.0,400.0,400.0,Pending,2024-04-25T00:00:00,2024-04-25T00:00:00
989,3,194,9,2024-11-30,Premium,2,165.0,16.5,330.0,313.5,Paid,2024-11-30T00:00:00,2024-12-01T00:00:00
990,13,9,5,2024-10-25,VIP,5,80.0,40.0,400.0,360.0,Paid,2024-10-25T00:00:00,2024-10-29T00:00:00
991,53,211,6,2024-07-02,VIP,1,165.0,24.75,165.0,140.25,Paid,2024-07-02T00:00:00,2024-07-06T00:00:00
992,28,220,7,2024-06-24,VIP,3,160.0,24.0,480.0,456.0,Paid,2024-06-24T00:00:00,2024-06-28T00:00:00
993,39,224,4,2024-12-30,VIP,5,220.0,165.0,1100.0,935.0,Pending,2024-12-30T00:00:00,2024-12-30T00:00:00
994,6,211,9,2024-08-24,Standard,1,40.0,0.0,40.0,40.0,Refunded,2024-08-24T00:00:00,2024-08-29T00:00:00
995,49,298,8,2024-11-02,Standard,5,80.0,60.0,400.0,340.0,Paid,2024-11-02T00:00:00,2024-11-05T00:00:00
996,14,101,1,2024-06-11,Early Bird,4,60.0,36.0,240.0,204.0,Paid,2024-06-11T00:00:00,2024-06-13T00:00:00
997,51,192,,2024-03-26,Premium,4,110.0,66.0,440.0,374.0,Pending,2024-03-26T00:00:00,2024-03-28T00:00:00
998,18,124,10,2024-06-30,Standard,3,100.0,45.0,300.0,255.0,Refunded,2024-06-30T00:00:00,2024-06-30T00:00:00
999,1,88,5,2024-10-06,Early Bird,2,75.0,15.0,150.0,135.0,Paid,2024-10-06T00:00:00,2024-10-10T00:00:00
1000,26,220,9,2024-08-31,Premium,5,82.5,0.0,412.5,412.5,Refunded,2024-08-31T00:00:00,2024-09-05T00:00:00
1001,12,119,6,2024-12-17,Standard,3,180.0,27.0,540.0,513.0,Paid,2024-12-17T00:00:00,2024-12-21T00:00:00
1002,8,82,8,2024-10-27,VIP,5,220.0,110.0,1100.0,990.0,Paid,2024-10-27T00:00:00,2024-10-27T00:00:00
1003,6,279,,2024-12-02,Standard,4,40.0,8.0,160.0,152.0,Pending,2024-12-02T00:00:00,2024-12-05T00:00:00
1004,2,123,2,2024-06-09,Premium,2,82.5,16.5,165.0,148.5,Paid,2024-06-09T00:00:00,2024-06-10T00:00:00
1005,35,27,10,2024-11-08,VIP,2,55.0,11.0,110.0,99.0,Paid,2024-11-08T00:00:00,2024-11-09T00:00:00
1006,41,63,7,2024-08-28,Standard,5,80.0,0.0,400.0,400.0,Paid,2024-08-28T00:00:00,2024-08-30T00:00:00
1007,17,186,7,2024-10-08,Premium,2,60.0,0.0,120.0,120.0,Refunded,2024-10-08T00:00:00,2024-10-08T00:00:00
1008,32,40,7,2024-07-31,Premium,1,165.0,0.0,165.0,165.0,Refunded,2024-07-31T00:00:00,2024-08-03T00:00:00
1009,57,6,4,2024-11-10,Premium,4,67.5,13.5,270.0,256.5,Pending,2024-11-10T00:00:00,2024-11-15T00:00:00
1010,39,248,5,2024-10-02,Standard,1,160.0,16.0,160.0,144.0,Paid,2024-10-02T00:00:00,2024-10-06T00:00:00
1011,48,12,8,2024-06-07,Premium,1,90.0,0.0,90.0,90.0,Paid,2024-06-07T00:00:00,2024-06-09T00:00:00
1012,8,113,2,2024-09-22,Standard,2,160.0,32.0,320.0,288.0,Paid,2024-09-22T00:00:00,2024-09-24T00:00:00
1013,18,151,8,2024-08-20,Early Bird,2,80.0,16.0,160.0,144.0,Refunded,2024-08-20T00:00:00,2024-08-23T00:00:00
1014,33,144,3,2024-06-16,Early Bird,2,50.0,5.0,100.0,95.0,Paid,2024-06-16T00:00:00,2024-06-20T00:00:00
1015,51,250,3,2024-04-13,Early Bird,5,100.0,25.0,500.0,475.0,Refunded,2024-04-13T00:00:00,2024-04-16T00:00:00
1016,39,197,9,2024-10-16,Early Bird,3,200.0,0.0,600.0,600.0,Paid,2024-10-16T00:00:00,2024-10-20T00:00:00
1017,23,262,,2024-11-19,VIP,1,110.0,5.5,110.0,104.5,Pending,2024-11-19T00:00:00,2024-11-22T00:00:00
1018,19,59,,2024-10-29,Premium,5,100.0,75.0,500.0,425.0,Paid,2024-10-29T00:00:00,2024-11-01T00:00:00
1019,51,191,3,2024-06-27,VIP,3,90.0,0.0,270.0,270.0,Paid,2024-06-27T00:00:00,2024-06-29T00:00:00
1020,8,239,3,2025-01-14,VIP,3,160.0,48.0,480.0,432.0,Paid,2025-01-14T00:00:00,2025-01-18T00:00:00
1021,5,112,8,2024-11-09,Standard,3,120.0,18.0,360.0,342.0,Pending,2024-11-09T00:00:00,2024-11-11T00:00:00
1022,46,223,10,2024-11-07,VIP,1,120.0,18.0,120.0,102.0,Paid,2024-11-07T00:00:00,2024-11-08T00:00:00
1023,13,216,4,2025-01-13,Standard,4,110.0,0.0,440.0,440.0,Paid,2025-01-13T00:00:00,2025-01-16T00:00:00
1024,11,296,3,2024-10-25,Standard,3,300.0,135.0,900.0,765.0,Paid,2024-10-25T00:00:00,2024-10-25T00:00:00
1025,42,68,4,2024-08-08,Early Bird,5,40.0,30.0,200.0,170.0,Paid,2024-08-08T00:00:00,2024-08-12T00:00:00
1026,59,241,1,2024-09-03,Standard,1,150.0,0.0,150.0,150.0,Refunded,2024-09-03T00:00:00,2024-09-08T00:00:00
1027,20,285,1,2024-11-15,VIP,3,100.0,45.0,300.0,255.0,Refunded,2024-11-15T00:00:00,2024-11-19T00:00:00
1028,4,63,10,2024-05-21,VIP,3,165.0,74.25,495.0,420.75,Pending,2024-05-21T00:00:00,2024-05-21T00:00:00
1029,2,166,1,2024-08-15,Early Bird,1,60.0,3.0,60.0,57.0,Paid,2024-08-15T00:00:00,2024-08-16T00:00:00
1030,6,133,,2024-11-11,Standard,3,60.0,0.0,180.0,180.0,Paid,2024-11-11T00:00:00,2024-11-11T00:00:00
1031,20,88,4,2024-12-11,Premium,3,100.0,45.0,300.0,255.0,Pending,2024-12-11T00:00:00,2024-12-14T00:00:00
1032,8,229,10,2024-12-30,Standard,3,180.0,81.0,540.0,459.0,Pending,2024-12-30T00:00:00,2025-01-03T00:00:00
1033,16,248,5,2024-07-09,Premium,4,55.0,22.0,220.0,198.0,Paid,2024-07-09T00:00:00,2024-07-11T00:00:00
1034,50,106,10,2024-11-17,Standard,1,50.0,2.5,50.0,47.5,Paid,2024-11-17T00:00:00,2024-11-20T00:00:00
1035,4,97,6,2024-06-13,Early Bird,1,135.0,20.25,135.0,114.75,Paid,2024-06-13T00:00:00,2024-06-15T00:00:00
1036,14,233,4,2024-03-27,Premium,5,60.0,30.0,300.0,270.0,Pending,2024-03-27T00:00:00,2024-03-27T00:00:00
1037,59,263,7,2024-10-24,Premium,2,150.0,45.0,300.0,255.0,Refunded,2024-10-24T00:00:00,2024-10-25T00:00:00
1038,5,53,9,2024-11-23,Premium,4,90.0,36.0,360.0,324.0,Refunded,2024-11-23T00:00:00,2024-11-23T00:00:00
1039,48,137,2,2024-06-25,Standard,2,80.0,24.0,160.0,136.0,Refunded,2024-06-25T00:00:00,2024-06-30T00:00:00
1040,34,44,8,2024-08-13,VIP,3,75.0,0.0,225.0,225.0,Refunded,2024-08-13T00:00:00,2024-08-14T00:00:00
1041,10,226,,2024-06-30,VIP,5,275.0,137.5,1375.0,1237.5,Paid,2024-06-30T00:00:00,2024-06-30T00:00:00
1042,4,97,4,2024-04-18,Early Bird,4,165.0,33.0,660.0,627.0,Paid,2024-04-18T00:00:00,2024-04-22T00:00:00
1043,18,26,1,2024-08-14,Premium,5,110.0,82.5,550.0,467.5,Paid,2024-08-14T00:00:00,2024-08-15T00:00:00
1044,8,34,3,2025-01-09,Standard,1,240.0,24.0,240.0,216.0,Paid,2025-01-09T00:00:00,2025-01-10T00:00:00
1045,57,113,1,2024-10-02,VIP,4,82.5,49.5,330.0,280.5,Refunded,2024-10-02T00:00:00,2024-10-03T00:00:00
1046,11,148,9,2024-10-01,Standard,2,250.0,50.0,500.0,450.0,Paid,2024-10-01T00:00:00,2024-10-02T00:00:00
1047,33,88,3,2024-04-12,VIP,5,55.0,27.5,275.0,247.5,Paid,2024-04-12T00:00:00,2024-04-13T00:00:00
1048,12,243,10,2024-12-26,Early Bird,4,135.0,0.0,540.0,540.0,Paid,2024-12-26T00:00:00,2024-12-26T00:00:00
1049,12,181,9,2025-01-04,Early Bird,1,135.0,0.0,135.0,135.0,Pending,2025-01-04T00:00:00,2025-01-04T00:00:00
1050,32,9,,2024-07-21,VIP,2,165.0,0.0,330.0,330.0,Paid,2024-07-21T00:00:00,2024-07-25T00:00:00
1051,33,172,4,2024-07-16,Early Bird,2,40.0,0.0,80.0,80.0,Refunded,2024-07-16T00:00:00,2024-07-21T00:00:00
1052,23,235,5,2024-10-28,Standard,3,110.0,33.0,330.0,297.0,Paid,2024-10-28T00:00:00,2024-10-30T00:00:00
1053,46,139,1,2024-12-12,Standard,5,120.0,90.0,600.0,510.0,Paid,2024-12-12T00:00:00,2024-12-15T00:00:00
1054,55,126,,2024-11-22,Early Bird,2,150.0,45.0,300.0,255.0,Paid,2024-11-22T00:00:00,2024-11-23T00:00:00
1055,48,279,4,2024-06-28,Early Bird,2,110.0,0.0,220.0,220.0,Pending,2024-06-28T00:00:00,2024-06-29T00:00:00
1056,17,214,9,2024-10-06,VIP,3,75.0,33.75,225.0,191.25,Paid,2024-10-06T00:00:00,2024-10-07T00:00:00
1057,3,233,6,2024-10-14,VIP,5,150.0,0.0,750.0,750.0,Paid,2024-10-14T00:00:00,2024-10-14T00:00:00
1058,1,149,8,2024-08-07,Premium,2,82.5,8.25,165.0,156.75,Paid,2024-08-07T00:00:00,2024-08-10T00:00:00
1059,19,112,,2025-01-06,VIP,3,80.0,36.0,240.0,204.0,Pending,2025-01-06T00:00:00,2025-01-06T00:00:00
1060,4,1,5,2024-05-09,Standard,3,120.0,54.0,360.0,306.0,Paid,2024-05-09T00:00:00,2024-05-10T00:00:00
1061,23,139,1,2024-09-15,Premium,3,120.0,18.0,360.0,342.0,Paid,2024-09-15T00:00:00,2024-09-18T00:00:00
1062,38,243,,2024-06-21,VIP,1,75.0,3.75,75.0,71.25,Paid,2024-06-21T00:00:00,2024-06-26T00:00:00
1063,41,155,4,2024-07-12,VIP,4,110.0,0.0,440.0,440.0,Paid,2024-07-12T00:00:00,2024-07-16T00:00:00
1064,28,103,10,2024-06-04,VIP,3,240.0,36.0,720.0,684.0,Paid,2024-06-04T00:00:00,2024-06-07T00:00:00
1065,36,291,4,2025-01-03,Early Bird,3,200.0,0.0,600.0,600.0,Pending,2025-01-03T00:00:00,2025-01-04T00:00:00
1066,25,227,8,2024-04-10,VIP,4,160.0,32.0,640.0,608.0,Pending,2024-04-10T00:00:00,2024-04-15T00:00:00
1067,46,216,7,2024-12-09,Early Bird,4,100.0,60.0,400.0,340.0,Refunded,2024-12-09T00:00:00,2024-12-09T00:00:00
1068,59,155,2,2024-08-30,Premium,1,165.0,0.0,165.0,165.0,Pending,2024-08-30T00:00:00,2024-09-03T00:00:00
1069,24,202,,2024-09-01,Premium,5,90.0,45.0,450.0,405.0,Refunded,2024-09-01T00:00:00,2024-09-06T00:00:00
1070,1,29,1,2024-08-11,VIP,5,82.5,0.0,412.5,412.5,Paid,2024-08-11T00:00:00,2024-08-13T00:00:00
1071,39,32,5,2025-01-07,Standard,3,240.0,108.0,720.0,612.0,Pending,2025-01-07T00:00:00,2025-01-12T00:00:00
1072,33,254,8,2024-05-04,Premium,1,45.0,2.25,45.0,42.75,Paid,2024-05-04T00:00:00,2024-05-09T00:00:00
1073,41,249,,2024-05-13,Premium,2,100.0,20.0,200.0,180.0,Paid,2024-05-13T00:00:00,2024-05-13T00:00:00
1074,1,105,3,2024-09-20,Standard,5,60.0,0.0,300.0,300.0,Refunded,2024-09-20T00:00:00,2024-09-20T00:00:00
1075,54,154,1,2024-11-15,Early Bird,4,220.0,0.0,880.0,880.0,Refunded,2024-11-15T00:00:00,2024-11-16T00:00:00
1076,53,64,10,2024-09-21,Early Bird,5,150.0,112.5,750.0,637.5,Paid,2024-09-21T00:00:00,2024-09-26T00:00:00
1077,2,280,8,2024-08-20,Premium,2,67.5,6.75,135.0,128.25,Refunded,2024-08-20T00:00:00,2024-08-23T00:00:00
1078,19,141,5,2024-12-08,Early Bird,1,120.0,18.0,120.0,102.0,Refunded,2024-12-08T00:00:00,2024-12-13T00:00:00
1079,52,15,2,2024-09-08,VIP,4,165.0,99.0,660.0,561.0,Refunded,2024-09-08T00:00:00,2024-09-08T00:00:00
1080,37,228,,2024-06-01,Standard,1,300.0,30.0,300.0,270.0,Paid,2024-06-01T00:00:00,2024-06-02T00:00:00
1081,30,184,2,2024-09-25,Premium,4,200.0,0.0,800.0,800.0,Paid,2024-09-25T00:00:00,2024-09-30T00:00:00
1082,34,78,10,2024-08-21,VIP,5,60.0,15.0,300.0,285.0,Pending,2024-08-21T00:00:00,2024-08-23T00:00:00
1083,30,35,6,2024-10-16,Early Bird,2,200.0,40.0,400.0,360.0,Refunded,2024-10-16T00:00:00,2024-10-19T00:00:00
1084,39,166,2,2024-10-27,VIP,2,240.0,48.0,480.0,432.0,Pending,2024-10-27T00:00:00,2024-10-31T00:00:00
1085,54,119,2,2024-11-28,Standard,1,160.0,0.0,160.0,160.0,Paid,2024-11-28T00:00:00,2024-12-01T00:00:00
1086,60,54,3,2024-06-17,Premium,4,150.0,30.0,600.0,570.0,Refunded,2024-06-17T00:00:00,2024-06-20T00:00:00
1087,60,20,1,2024-09-03,Standard,1,180.0,18.0,180.0,162.0,Refunded,2024-09-03T00:00:00,2024-09-05T00:00:00
1088,39,231,1,2024-10-31,Early Bird,1,180.0,18.0,180.0,162.0,Paid,2024-10-31T00:00:00,2024-11-05T00:00:00
1089,37,225,7,2024-05-10,VIP,2,225.0,45.0,450.0,405.0,Paid,2024-05-10T00:00:00,2024-05-11T00:00:00
1090,48,299,1,2024-06-19,Standard,4,120.0,24.0,480.0,456.0,Paid,2024-06-19T00:00:00,2024-06-20T00:00:00
1091,3,291,6,2024-09-15,Standard,2,120.0,24.0,240.0,216.0,Paid,2024-09-15T00:00:00,2024-09-16T00:00:00
1092,44,293,3,2024-09-05,Early Bird,5,55.0,13.75,275.0,261.25,Pending,2024-09-05T00:00:00,2024-09-07T00:00:00
1093,23,219,7,2024-10-18,Early Bird,5,90.0,0.0,450.0,450.0,Paid,2024-10-18T00:00:00,2024-10-22T00:00:00
1094,6,256,1,2024-11-19,Premium,5,50.0,0.0,250.0,250.0,Paid,2024-11-19T00:00:00,2024-11-23T00:00:00
1095,35,200,4,2025-01-12,VIP,1,45.0,4.5,45.0,40.5,Paid,2025-01-12T00:00:00,2025-01-13T00:00:00
1096,19,257,8,2025-01-05,VIP,5,120.0,30.0,600.0,570.0,Refunded,2025-01-05T00:00:00,2025-01-09T00:00:00
1097,4,16,4,2024-05-02,Standard,1,180.0,27.0,180.0,153.0,Paid,2024-05-02T00:00:00,2024-05-05T00:00:00
1098,17,281,3,2025-01-05,VIP,3,60.0,9.0,180.0,171.0,Paid,2025-01-05T00:00:00,2025-01-06T00:00:00
1099,32,37,5,2024-10-31,Early Bird,5,180.0,0.0,900.0,900.0,Pending,2024-10-31T00:00:00,2024-11-05T00:00:00
1100,40,139,2,2024-07-13,Standard,1,60.0,9.0,60.0,51.0,Paid,2024-07-13T00:00:00,2024-07-13T00:00:00
1101,32,156,7,2024-09-06,Premium,2,150.0,45.0,300.0,255.0,Paid,2024-09-06T00:00:00,2024-09-06T00:00:00
1102,2,10,10,2024-06-05,Early Bird,2,90.0,27.0,180.0,153.0,Paid,2024-06-05T00:00:00,2024-06-08T00:00:00
1103,50,71,8,2024-11-06,Standard,2,55.0,16.5,110.0,93.5,Refunded,2024-11-06T00:00:00,2024-11-06T00:00:00
1104,58,224,5,2024-07-23,Standard,3,250.0,37.5,750.0,712.5,Paid,2024-07-23T00:00:00,2024-07-24T00:00:00
1105,6,291,8,2024-09-21,Standard,1,45.0,6.75,45.0,38.25,Paid,2024-09-21T00:00:00,2024-09-26T00:00:00
1106,16,225,2,2024-06-08,Premium,1,40.0,0.0,40.0,40.0,Paid,2024-06-08T00:00:00,2024-06-08T00:00:00
1107,21,204,2,2024-11-02,Early Bird,5,180.0,90.0,900.0,810.0,Paid,2024-11-02T00:00:00,2024-11-07T00:00:00
1108,5,183,7,2024-12-19,Premium,3,120.0,18.0,360.0,342.0,Refunded,2024-12-19T00:00:00,2024-12-24T00:00:00
1109,20,137,8,2024-11-04,VIP,5,100.0,25.0,500.0,475.0,Pending,2024-11-04T00:00:00,2024-11-08T00:00:00
1110,7,41,4,2024-11-21,Premium,3,110.0,49.5,330.0,280.5,Paid,2024-11-21T00:00:00,2024-11-25T00:00:00
1111,15,73,5,2024-09-28,Standard,5,180.0,0.0,900.0,900.0,Paid,2024-09-28T00:00:00,2024-10-03T00:00:00
1112,29,18,7,2024-11-01,VIP,4,120.0,0.0,480.0,480.0,Paid,2024-11-01T00:00:00,2024-11-05T00:00:00
1113,25,197,9,2024-06-11,Early Bird,1,160.0,16.0,160.0,144.0,Paid,2024-06-11T00:00:00,2024-06-14T00:00:00
1114,25,95,6,2024-05-24,Early Bird,1,180.0,9.0,180.0,171.0,Pending,2024-05-24T00:00:00,2024-05-24T00:00:00
1115,43,173,,2024-08-25,VIP,1,90.0,9.0,90.0,81.0,Pending,2024-08-25T00:00:00,2024-08-26T00:00:00
1116,49,30,6,2025-01-17,Standard,3,120.0,54.0,360.0,306.0,Pending,2025-01-17T00:00:00,2025-01-20T00:00:00
1117,47,294,6,2024-09-21,VIP,3,240.0,108.0,720.0,612.0,Paid,2024-09-21T00:00:00,2024-09-24T00:00:00
1118,30,141,4,2024-10-12,Standard,2,180.0,0.0,360.0,360.0,Paid,2024-10-12T00:00:00,2024-10-16T00:00:00
1119,19,141,9,2024-12-02,VIP,5,110.0,0.0,550.0,550.0,Paid,2024-12-02T00:00:00,2024-12-07T00:00:00
1120,17,292,4,2024-10-22,VIP,5,60.0,0.0,300.0,300.0,Paid,2024-10-22T00:00:00,2024-10-23T00:00:00
1121,29,19,7,2024-11-25,VIP,1,165.0,0.0,165.0,165.0,Refunded,2024-11-25T00:00:00,2024-11-30T00:00:00
1122,55,41,9,2024-10-10,VIP,2,165.0,0.0,330.0,330.0,Pending,2024-10-10T00:00:00,2024-10-14T00:00:00
1123,21,133,4,2024-12-08,Early Bird,4,180.0,72.0,720.0,648.0,Paid,2024-12-08T00:00:00,2024-12-09T00:00:00
1124,41,59,3,2024-08-08,Standard,2,120.0,0.0,240.0,240.0,Paid,2024-08-08T00:00:00,2024-08-13T00:00:00
1125,33,284,,2024-04-18,Premium,4,60.0,24.0,240.0,216.0,Paid,2024-04-18T00:00:00,2024-04-23T00:00:00
1126,17,121,9,2024-12-29,VIP,1,75.0,0.0,75.0,75.0,Paid,2024-12-29T00:00:00,2024-12-29T00:00:00
1127,33,105,3,2024-06-11,VIP,1,60.0,0.0,60.0,60.0,Pending,2024-06-11T00:00:00,2024-06-13T00:00:00
1128,54,74,4,2024-10-05,Standard,4,160.0,96.0,640.0,544.0,Paid,2024-10-05T00:00:00,2024-10-09T00:00:00
1129,51,151,7,2024-06-04,Standard,3,110.0,33.0,330.0,297.0,Paid,2024-06-04T00:00:00,2024-06-06T00:00:00
1130,3,109,1,2024-11-20,VIP,2,180.0,0.0,360.0,360.0,Pending,2024-11-20T00:00:00,2024-11-25T00:00:00
1131,50,194,3,2024-09-21,Standard,5,60.0,30.0,300.0,270.0,Paid,2024-09-21T00:00:00,2024-09-24T00:00:00
1132,49,258,9,2024-10-29,Early Bird,1,80.0,4.0,80.0,76.0,Pending,2024-10-29T00:00:00,2024-11-03T00:00:00
1133,8,269,10,2024-09-29,Early Bird,5,160.0,120.0,800.0,680.0,Paid,2024-09-29T00:00:00,2024-10-01T00:00:00
1134,13,125,5,2024-10-04,VIP,5,100.0,25.0,500.0,475.0,Paid,2024-10-04T00:00:00,2024-10-07T00:00:00
1135,21,186,6,2024-09-12,Standard,1,180.0,27.0,180.0,153.0,Paid,2024-09-12T00:00:00,2024-09-16T00:00:00
1136,33,215,7,2024-07-28,Premium,3,55.0,8.25,165.0,156.75,Pending,2024-07-28T00:00:00,2024-07-29T00:00:00
1137,60,134,9,2024-07-05,VIP,2,165.0,16.5,330.0,313.5,Paid,2024-07-05T00:00:00,2024-07-07T00:00:00
1138,8,254,9,2025-01-05,Premium,4,220.0,44.0,880.0,836.0,Paid,2025-01-05T00:00:00,2025-01-08T00:00:00
1139,1,241,8,2024-09-18,Standard,1,82.5,8.25,82.5,74.25,Paid,2024-09-18T00:00:00,2024-09-18T00:00:00
1140,54,264,2,2024-11-24,Early Bird,1,180.0,0.0,180.0,180.0,Refunded,2024-11-24T00:00:00,2024-11-26T00:00:00
1141,9,173,1,2024-11-24,VIP,5,45.0,22.5,225.0,202.5,Pending,2024-11-24T00:00:00,2024-11-28T00:00:00
1142,40,210,7,2024-10-26,Early Bird,1,40.0,4.0,40.0,36.0,Refunded,2024-10-26T00:00:00,2024-10-28T00:00:00
1143,49,4,2,2024-11-20,VIP,2,90.0,0.0,180.0,180.0,Refunded,2024-11-20T00:00:00,2024-11-23T00:00:00
1144,21,119,1,2024-10-21,VIP,2,240.0,48.0,480.0,432.0,Refunded,2024-10-21T00:00:00,2024-10-23T00:00:00
1145,4,166,4,2024-04-29,Early Bird,5,180.0,135.0,900.0,765.0,Paid,2024-04-29T00:00:00,2024-04-30T00:00:00
1146,10,161,9,2024-08-14,Standard,2,275.0,55.0,550.0,495.0,Paid,2024-08-14T00:00:00,2024-08-16T00:00:00
1147,11,115,7,2024-12-25,Premium,3,250.0,112.5,750.0,637.5,Paid,2024-12-25T00:00:00,2024-12-27T00:00:00
1148,39,50,2,2024-10-15,Premium,1,180.0,18.0,180.0,162.0,Pending,2024-10-15T00:00:00,2024-10-19T00:00:00
1149,49,276,8,2024-12-30,Premium,1,120.0,0.0,120.0,120.0,Paid,2024-12-30T00:00:00,2025-01-02T00:00:00
1150,54,293,4,2024-10-05,Early Bird,1,200.0,10.0,200.0,190.0,Refunded,2024-10-05T00:00:00,2024-10-09T00:00:00
1151,9,228,1,2024-09-30,Early Bird,4,50.0,0.0,200.0,200.0,Refunded,2024-09-30T00:00:00,2024-10-02T00:00:00
1152,6,41,5,2024-08-17,Premium,2,50.0,0.0,100.0,100.0,Paid,2024-08-17T00:00:00,2024-08-19T00:00:00
1153,11,263,10,2024-11-06,Standard,3,250.0,112.5,750.0,637.5,Paid,2024-11-06T00:00:00,2024-11-06T00:00:00
1154,28,19,8,2024-08-17,Standard,5,200.0,50.0,1000.0,950.0,Paid,2024-08-17T00:00:00,2024-08-18T00:00:00
1155,38,78,7,2024-08-29,Early Bird,2,67.5,13.5,135.0,121.5,Paid,2024-08-29T00:00:00,2024-09-03T00:00:00
1156,32,110,8,2024-10-04,Standard,2,135.0,0.0,270.0,270.0,Refunded,2024-10-04T00:00:00,2024-10-04T00:00:00
1157,32,215,,2024-08-30,VIP,5,135.0,33.75,675.0,641.25,Pending,2024-08-30T00:00:00,2024-09-02T00:00:00
1158,41,93,8,2024-06-17,VIP,2,100.0,30.0,200.0,170.0,Paid,2024-06-17T00:00:00,2024-06-19T00:00:00
1159,43,247,8,2024-08-02,VIP,4,82.5,33.0,330.0,297.0,Paid,2024-08-02T00:00:00,2024-08-03T00:00:00
1160,8,127,5,2024-09-25,Early Bird,3,220.0,99.0,660.0,561.0,Paid,2024-09-25T00:00:00,2024-09-26T00:00:00
1161,30,248,2,2024-12-06,Early Bird,1,200.0,30.0,200.0,170.0,Pending,2024-12-06T00:00:00,2024-12-09T00:00:00
1162,44,111,8,2024-11-07,Early Bird,1,50.0,5.0,50.0,45.0,Paid,2024-11-07T00:00:00,2024-11-11T00:00:00
1163,50,227,6,2024-11-13,Early Bird,3,50.0,22.5,150.0,127.5,Refunded,2024-11-13T00:00:00,2024-11-15T00:00:00
1164,59,24,5,2024-11-03,VIP,3,165.0,24.75,495.0,470.25,Refunded,2024-11-03T00:00:00,2024-11-06T00:00:00
1165,15,57,10,2024-08-25,VIP,2,240.0,24.0,480.0,456.0,Paid,2024-08-25T00:00:00,2024-08-29T00:00:00
1166,35,181,5,2025-02-21,Standard,1,55.0,0.0,55.0,55.0,Paid,2025-02-21T00:00:00,2025-02-25T00:00:00
1167,14,203,8,2024-05-24,Premium,5,45.0,11.25,225.0,213.75,Paid,2024-05-24T00:00:00,2024-05-25T00:00:00
1168,59,128,8,2024-09-23,Standard,3,165.0,24.75,495.0,470.25,Paid,2024-09-23T00:00:00,2024-09-23T00:00:00
1169,49,22,7,2024-11-14,Premium,1,120.0,18.0,120.0,102.0,Paid,2024-11-14T00:00:00,2024-11-16T00:00:00
1170,2,194,1,2024-08-14,Early Bird,2,60.0,12.0,120.0,108.0,Paid,2024-08-14T00:00:00,2024-08-19T00:00:00
1171,57,213,8,2024-11-16,Standard,1,60.0,0.0,60.0,60.0,Paid,2024-11-16T00:00:00,2024-11-21T00:00:00
1172,54,201,9,2024-11-10,Premium,5,180.0,0.0,900.0,900.0,Pending,2024-11-10T00:00:00,2024-11-12T00:00:00
1173,51,141,4,2024-06-09,Early Bird,4,120.0,0.0,480.0,480.0,Paid,2024-06-09T00:00:00,2024-06-09T00:00:00
1174,17,220,4,2024-11-08,Standard,5,82.5,61.88,412.5,350.62,Paid,2024-11-08T00:00:00,2024-11-11T00:00:00
1175,36,9,6,2024-12-24,Early Bird,4,200.0,40.0,800.0,760.0,Refunded,2024-12-24T00:00:00,2024-12-26T00:00:00
1176,49,13,9,2024-11-12,Early Bird,1,110.0,5.5,110.0,104.5,Paid,2024-11-12T00:00:00,2024-11-15T00:00:00
1177,24,74,5,2024-07-18,Standard,5,60.0,30.0,300.0,270.0,Paid,2024-07-18T00:00:00,2024-07-22T00:00:00
1178,11,73,1,2024-12-14,Early Bird,4,300.0,60.0,1200.0,1140.0,Pending,2024-12-14T00:00:00,2024-12-17T00:00:00
1179,34,130,7,2024-07-09,Early Bird,5,67.5,0.0,337.5,337.5,Paid,2024-07-09T00:00:00,2024-07-14T00:00:00
1180,22,209,9,2024-06-03,Standard,2,200.0,40.0,400.0,360.0,Paid,2024-06-03T00:00:00,2024-06-08T00:00:00
1181,14,121,5,2024-04-04,VIP,5,55.0,41.25,275.0,233.75,Refunded,2024-04-04T00:00:00,2024-04-09T00:00:00
1182,31,40,6,2024-06-29,Early Bird,5,40.0,0.0,200.0,200.0,Paid,2024-06-29T00:00:00,2024-06-29T00:00:00
1183,11,59,7,2024-11-04,Standard,1,225.0,11.25,225.0,213.75,Refunded,2024-11-04T00:00:00,2024-11-07T00:00:00
1184,11,215,8,2024-10-21,Early Bird,5,275.0,68.75,1375.0,1306.25,Paid,2024-10-21T00:00:00,2024-10-23T00:00:00
1185,8,191,9,2024-11-21,Premium,3,200.0,60.0,600.0,540.0,Paid,2024-11-21T00:00:00,2024-11-23T00:00:00
1186,34,129,8,2024-07-14,Early Bird,2,90.0,18.0,180.0,162.0,Refunded,2024-07-14T00:00:00,2024-07-15T00:00:00
1187,60,163,,2024-07-31,Early Bird,2,135.0,40.5,270.0,229.5,Paid,2024-07-31T00:00:00,2024-08-01T00:00:00
1188,31,49,3,2024-08-25,Early Bird,1,50.0,2.5,50.0,47.5,Paid,2024-08-25T00:00:00,2024-08-25T00:00:00
1189,4,180,1,2024-04-22,Premium,4,180.0,36.0,720.0,684.0,Paid,2024-04-22T00:00:00,2024-04-27T00:00:00
1190,1,300,6,2024-06-13,VIP,2,75.0,15.0,150.0,135.0,Paid,2024-06-13T00:00:00,2024-06-17T00:00:00
1191,50,79,1,2024-11-03,Standard,3,60.0,9.0,180.0,171.0,Paid,2024-11-03T00:00:00,2024-11-05T00:00:00
1192,12,197,8,2025-01-04,VIP,5,120.0,30.0,600.0,570.0,Pending,2025-01-04T00:00:00,2025-01-08T00:00:00
1193,39,2,2,2024-12-15,Premium,5,220.0,55.0,1100.0,1045.0,Paid,2024-12-15T00:00:00,2024-12-15T00:00:00
1194,60,244,2,2024-06-01,Standard,5,135.0,33.75,675.0,641.25,Paid,2024-06-01T00:00:00,2024-06-01T00:00:00
1195,58,242,6,2024-10-03,VIP,2,300.0,90.0,600.0,510.0,Paid,2024-10-03T00:00:00,2024-10-07T00:00:00
1196,49,198,6,2025-01-05,Early Bird,2,120.0,36.0,240.0,204.0,Paid,2025-01-05T00:00:00,2025-01-07T00:00:00
1197,54,110,9,2024-11-13,Premium,3,240.0,0.0,720.0,720.0,Paid,2024-11-13T00:00:00,2024-11-18T00:00:00
1198,10,129,7,2024-05-04,Standard,4,300.0,180.0,1200.0,1020.0,Pending,2024-05-04T00:00:00,2024-05-07T00:00:00
1199,42,178,7,2024-10-03,Early Bird,2,40.0,8.0,80.0,72.0,Paid,2024-10-03T00:00:00,2024-10-07T00:00:00
1200,36,6,2,2024-10-08,Premium,2,220.0,44.0,440.0,396.0,Refunded,2024-10-08T00:00:00,2024-10-10T00:00:00
1201,34,49,5,2024-09-15,VIP,1,90.0,9.0,90.0,81.0,Paid,2024-09-15T00:00:00,2024-09-19T00:00:00
1202,59,141,10,2024-11-08,Early Bird,5,150.0,0.0,750.0,750.0,Refunded,2024-11-08T00:00:00,2024-11-08T00:00:00
1203,45,16,9,2024-06-26,Early Bird,3,150.0,0.0,450.0,450.0,Pending,2024-06-26T00:00:00,2024-07-01T00:00:00
1204,30,190,,2024-11-14,Standard,2,220.0,0.0,440.0,440.0,Pending,2024-11-14T00:00:00,2024-11-19T00:00:00
1205,10,62,6,2024-05-21,Standard,2,225.0,0.0,450.0,450.0,Refunded,2024-05-21T00:00:00,2024-05-26T00:00:00
1206,46,9,3,2025-01-16,VIP,3,80.0,24.0,240.0,216.0,Paid,2025-01-16T00:00:00,2025-01-21T00:00:00
1207,11,207,10,2024-09-16,Early Bird,5,250.0,0.0,1250.0,1250.0,Paid,2024-09-16T00:00:00,2024-09-16T00:00:00
1208,13,89,1,2024-10-06,Early Bird,5,90.0,45.0,450.0,405.0,Paid,2024-10-06T00:00:00,2024-10-08T00:00:00
1209,39,2,10,2024-12-25,VIP,5,220.0,55.0,1100.0,1045.0,Paid,2024-12-25T00:00:00,2024-12-29T00:00:00
1210,23,238,9,2024-12-21,Standard,3,110.0,0.0,330.0,330.0,Paid,2024-12-21T00:00:00,2024-12-21T00:00:00
1211,12,11,9,2024-11-05,Premium,1,135.0,13.5,135.0,121.5,Paid,2024-11-05T00:00:00,2024-11-06T00:00:00
1212,41,98,4,2024-07-14,Premium,4,80.0,16.0,320.0,304.0,Paid,2024-07-14T00:00:00,2024-07-14T00:00:00
1213,25,290,2,2024-04-20,VIP,3,180.0,54.0,540.0,486.0,Refunded,2024-04-20T00:00:00,2024-04-21T00:00:00
1214,54,133,4,2024-12-25,Early Bird,3,180.0,27.0,540.0,513.0,Paid,2024-12-25T00:00:00,2024-12-25T00:00:00
1215,32,268,10,2024-09-25,Early Bird,5,150.0,75.0,750.0,675.0,Paid,2024-09-25T00:00:00,2024-09-25T00:00:00
1216,54,178,6,2024-11-05,VIP,4,180.0,36.0,720.0,684.0,Paid,2024-11-05T00:00:00,2024-11-07T00:00:00
1217,45,108,8,2024-07-22,VIP,5,150.0,0.0,750.0,750.0,Paid,2024-07-22T00:00:00,2024-07-25T00:00:00
1218,17,72,7,2025-01-26,Early Bird,1,90.0,4.5,90.0,85.5,Pending,2025-01-26T00:00:00,2025-01-28T00:00:00
1219,24,54,5,2024-07-07,VIP,4,90.0,0.0,360.0,360.0,Paid,2024-07-07T00:00:00,2024-07-08T00:00:00
1220,27,184,2,2024-11-14,VIP,3,100.0,0.0,300.0,300.0,Paid,2024-11-14T00:00:00,2024-11-17T00:00:00
1221,35,295,9,2025-01-31,Early Bird,1,55.0,8.25,55.0,46.75,Refunded,2025-01-31T00:00:00,2025-02-03T00:00:00
1222,54,206,7,2024-12-18,VIP,3,200.0,60.0,600.0,540.0,Paid,2024-12-18T00:00:00,2024-12-19T00:00:00
1223,49,138,6,2024-09-23,Early Bird,5,80.0,60.0,400.0,340.0,Pending,2024-09-23T00:00:00,2024-09-23T00:00:00
1224,11,72,9,2024-11-05,Premium,2,250.0,25.0,500.0,475.0,Paid,2024-11-05T00:00:00,2024-11-05T00:00:00
1225,6,85,6,2024-10-27,Early Bird,2,50.0,15.0,100.0,85.0,Paid,2024-10-27T00:00:00,2024-11-01T00:00:00
1226,10,95,1,2024-07-25,Premium,2,250.0,50.0,500.0,450.0,Paid,2024-07-25T00:00:00,2024-07-28T00:00:00
1227,6,245,,2024-09-04,Premium,2,45.0,9.0,90.0,81.0,Paid,2024-09-04T00:00:00,2024-09-04T00:00:00
1228,31,193,10,2024-06-24,Early Bird,4,45.0,27.0,180.0,153.0,Paid,2024-06-24T00:00:00,2024-06-24T00:00:00
1229,25,145,5,2024-07-03,Early Bird,3,180.0,81.0,540.0,459.0,Pending,2024-07-03T00:00:00,2024-07-06T00:00:00
1230,35,92,3,2025-02-14,Premium,3,55.0,0.0,165.0,165.0,Paid,2025-02-14T00:00:00,2025-02-16T00:00:00
1231,22,118,1,2024-07-15,Premium,1,300.0,45.0,300.0,255.0,Refunded,2024-07-15T00:00:00,2024-07-16T00:00:00
1232,3,197,5,2024-11-30,Premium,3,165.0,0.0,495.0,495.0,Refunded,2024-11-30T00:00:00,2024-12-01T00:00:00
1233,19,216,4,2024-12-06,Premium,4,110.0,0.0,440.0,440.0,Paid,2024-12-06T00:00:00,2024-12-09T00:00:00
1234,44,52,5,2024-10-02,Early Bird,1,55.0,0.0,55.0,55.0,Paid,2024-10-02T00:00:00,2024-10-03T00:00:00
1235,21,233,10,2024-11-30,Standard,5,240.0,180.0,1200.0,1020.0,Refunded,2024-11-30T00:00:00,2024-12-05T00:00:00
1236,43,133,6,2024-08-13,Standard,4,60.0,24.0,240.0,216.0,Pending,2024-08-13T00:00:00,2024-08-16T00:00:00
1237,33,92,1,2024-06-20,Early Bird,4,50.0,20.0,200.0,180.0,Pending,2024-06-20T00:00:00,2024-06-23T00:00:00
1238,56,133,5,2024-04-22,Premium,1,45.0,0.0,45.0,45.0,Pending,2024-04-22T00:00:00,2024-04-26T00:00:00
1239,47,145,7,2024-09-29,Standard,4,220.0,0.0,880.0,880.0,Paid,2024-09-29T00:00:00,2024-10-02T00:00:00
1240,30,218,4,2024-11-30,VIP,1,240.0,24.0,240.0,216.0,Paid,2024-11-30T00:00:00,2024-11-30T00:00:00
1241,35,9,6,2025-01-20,Early Bird,2,50.0,10.0,100.0,90.0,Paid,2025-01-20T00:00:00,2025-01-22T00:00:00
1242,41,273,,2024-08-26,Early Bird,5,80.0,40.0,400.0,360.0,Paid,2024-08-26T00:00:00,2024-08-27T00:00:00
1243,6,253,10,2024-09-28,Early Bird,1,45.0,2.25,45.0,42.75,Paid,2024-09-28T00:00:00,2024-09-30T00:00:00
1244,30,40,,2024-10-19,VIP,5,180.0,135.0,900.0,765.0,Paid,2024-10-19T00:00:00,2024-10-19T00:00:00
1245,10,155,5,2024-06-03,Early Bird,1,275.0,0.0,275.0,275.0,Refunded,2024-06-03T00:00:00,2024-06-03T00:00:00
1246,12,99,1,2024-11-03,VIP,3,120.0,54.0,360.0,306.0,Paid,2024-11-03T00:00:00,2024-11-07T00:00:00
1247,33,243,9,2024-05-29,Premium,2,40.0,8.0,80.0,72.0,Refunded,2024-05-29T00:00:00,2024-05-31T00:00:00
1248,48,205,9,2024-04-12,Premium,2,100.0,0.0,200.0,200.0,Paid,2024-04-12T00:00:00,2024-04-14T00:00:00
1249,1,67,10,2024-08-18,VIP,2,60.0,18.0,120.0,102.0,Paid,2024-08-18T00:00:00,2024-08-21T00:00:00
1250,39,10,3,2024-10-10,VIP,3,160.0,24.0,480.0,456.0,Paid,2024-10-10T00:00:00,2024-10-10T00:00:00
1251,40,169,10,2024-10-03,Early Bird,5,55.0,41.25,275.0,233.75,Refunded,2024-10-03T00:00:00,2024-10-07T00:00:00
1252,1,78,7,2024-08-27,Early Bird,3,75.0,22.5,225.0,202.5,Refunded,2024-08-27T00:00:00,2024-08-28T00:00:00
1253,35,17,6,2024-11-26,Standard,2,55.0,11.0,110.0,99.0,Refunded,2024-11-26T00:00:00,2024-11-30T00:00:00
1254,23,150,4,2024-12-26,VIP,2,120.0,24.0,240.0,216.0,Refunded,2024-12-26T00:00:00,2024-12-31T00:00:00
1255,30,181,9,2025-01-12,Early Bird,2,240.0,24.0,480.0,456.0,Refunded,2025-01-12T00:00:00,2025-01-12T00:00:00
1256,49,276,6,2024-12-15,Premium,5,110.0,27.5,550.0,522.5,Refunded,2024-12-15T00:00:00,2024-12-19T00:00:00
1257,55,57,3,2024-12-05,VIP,1,165.0,8.25,165.0,156.75,Paid,2024-12-05T00:00:00,2024-12-06T00:00:00
1258,50,112,5,2024-09-16,Early Bird,4,60.0,36.0,240.0,204.0,Pending,2024-09-16T00:00:00,2024-09-18T00:00:00
1259,21,275,8,2024-09-09,Early Bird,3,160.0,48.0,480.0,432.0,Paid,2024-09-09T00:00:00,2024-09-12T00:00:00
1260,32,91,2,2024-08-05,Early Bird,4,150.0,90.0,600.0,510.0,Paid,2024-08-05T00:00:00,2024-08-05T00:00:00
1261,35,51,10,2024-11-09,Early Bird,3,55.0,8.25,165.0,156.75,Pending,2024-11-09T00:00:00,2024-11-14T00:00:00
1262,27,115,9,2024-11-21,Premium,4,90.0,0.0,360.0,360.0,Pending,2024-11-21T00:00:00,2024-11-25T00:00:00
1263,33,167,,2024-07-27,Premium,5,60.0,45.0,300.0,255.0,Paid,2024-07-27T00:00:00,2024-07-31T00:00:00
1264,41,200,9,2024-07-01,Premium,1,100.0,0.0,100.0,100.0,Paid,2024-07-01T00:00:00,2024-07-04T00:00:00
1265,24,166,3,2024-06-17,Premium,2,67.5,20.25,135.0,114.75,Paid,2024-06-17T00:00:00,2024-06-17T00:00:00
1266,58,126,7,2024-10-06,Early Bird,2,300.0,90.0,600.0,510.0,Paid,2024-10-06T00:00:00,2024-10-07T00:00:00
1267,30,126,2,2024-11-12,Early Bird,1,240.0,24.0,240.0,216.0,Paid,2024-11-12T00:00:00,2024-11-12T00:00:00
1268,48,37,6,2024-07-05,Early Bird,4,120.0,72.0,480.0,408.0,Paid,2024-07-05T00:00:00,2024-07-10T00:00:00
1269,35,247,7,2025-02-08,Standard,5,60.0,0.0,300.0,300.0,Paid,2025-02-08T00:00:00,2025-02-11T00:00:00
1270,54,226,8,2024-10-05,Early Bird,1,200.0,30.0,200.0,170.0,Paid,2024-10-05T00:00:00,2024-10-05T00:00:00
1271,10,188,2,2024-05-03,Early Bird,3,300.0,0.0,900.0,900.0,Paid,2024-05-03T00:00:00,2024-05-04T00:00:00
1272,59,169,1,2024-10-09,Standard,4,135.0,54.0,540.0,486.0,Refunded,2024-10-09T00:00:00,2024-10-14T00:00:00
1273,32,228,4,2024-08-05,VIP,2,150.0,30.0,300.0,270.0,Refunded,2024-08-05T00:00:00,2024-08-10T00:00:00
1274,17,76,2,2024-11-19,VIP,3,90.0,0.0,270.0,270.0,Paid,2024-11-19T00:00:00,2024-11-20T00:00:00
1275,57,82,4,2024-11-03,VIP,5,75.0,37.5,375.0,337.5,Refunded,2024-11-03T00:00:00,2024-11-08T00:00:00
1276,29,150,2,2024-10-29,Early Bird,3,135.0,20.25,405.0,384.75,Paid,2024-10-29T00:00:00,2024-11-03T00:00:00
1277,15,300,2,2024-11-03,Standard,2,240.0,48.0,480.0,432.0,Paid,2024-11-03T00:00:00,2024-11-05T00:00:00
1278,47,88,9,2024-11-14,VIP,5,220.0,165.0,1100.0,935.0,Paid,2024-11-14T00:00:00,2024-11-18T00:00:00
1279,55,249,6,2024-10-17,Premium,3,180.0,54.0,540.0,486.0,Pending,2024-10-17T00:00:00,2024-10-20T00:00:00
1280,12,116,5,2024-12-07,VIP,4,120.0,0.0,480.0,480.0,Paid,2024-12-07T00:00:00,2024-12-08T00:00:00
1281,10,256,5,2024-07-15,Early Bird,5,200.0,50.0,1000.0,950.0,Pending,2024-07-15T00:00:00,2024-07-20T00:00:00
1282,59,17,5,2024-11-08,Early Bird,5,135.0,33.75,675.0,641.25,Paid,2024-11-08T00:00:00,2024-11-10T00:00:00
1283,33,229,,2024-07-29,Premium,3,60.0,0.0,180.0,180.0,Paid,2024-07-29T00:00:00,2024-07-31T00:00:00
1284,52,91,7,2024-06-19,Standard,2,135.0,13.5,270.0,256.5,Pending,2024-06-19T00:00:00,2024-06-21T00:00:00
1285,36,268,2,2024-12-24,VIP,1,180.0,0.0,180.0,180.0,Paid,2024-12-24T00:00:00,2024-12-25T00:00:00
1286,15,51,7,2024-10-06,Standard,5,240.0,180.0,1200.0,1020.0,Paid,2024-10-06T00:00:00,2024-10-11T00:00:00
1287,5,244,1,2024-12-03,Premium,4,80.0,48.0,320.0,272.0,Paid,2024-12-03T00:00:00,2024-12-07T00:00:00
1288,38,5,9,2024-09-19,Early Bird,5,82.5,41.25,412.5,371.25,Paid,2024-09-19T00:00:00,2024-09-24T00:00:00
1289,57,129,,2024-10-25,Early Bird,2,90.0,27.0,180.0,153.0,Pending,2024-10-25T00:00:00,2024-10-27T00:00:00
1290,32,146,8,2024-08-21,VIP,2,150.0,45.0,300.0,255.0,Paid,2024-08-21T00:00:00,2024-08-25T00:00:00
1291,16,226,10,2024-08-08,Standard,3,60.0,18.0,180.0,162.0,Paid,2024-08-08T00:00:00,2024-08-11T00:00:00
1292,1,92,2,2024-08-30,Standard,5,82.5,61.88,412.5,350.62,Refunded,2024-08-30T00:00:00,2024-09-04T00:00:00
1293,20,56,3,2024-12-08,Premium,4,100.0,20.0,400.0,380.0,Paid,2024-12-08T00:00:00,2024-12-10T00:00:00
1294,33,154,1,2024-06-28,Premium,3,60.0,27.0,180.0,153.0,Pending,2024-06-28T00:00:00,2024-07-03T00:00:00
1295,10,81,2,2024-07-09,Premium,2,225.0,67.5,450.0,382.5,Paid,2024-07-09T00:00:00,2024-07-13T00:00:00
1296,31,135,3,2024-06-11,Early Bird,5,55.0,27.5,275.0,247.5,Paid,2024-06-11T00:00:00,2024-06-13T00:00:00
1297,10,158,7,2024-07-11,Early Bird,3,250.0,75.0,750.0,675.0,Pending,2024-07-11T00:00:00,2024-07-14T00:00:00
1298,49,182,6,2024-11-28,Premium,1,110.0,0.0,110.0,110.0,Refunded,2024-11-28T00:00:00,2024-11-30T00:00:00
1299,2,192,4,2024-05-31,Standard,2,67.5,13.5,135.0,121.5,Paid,2024-05-31T00:00:00,2024-06-03T00:00:00
1300,51,258,3,2024-06-02,Early Bird,3,120.0,18.0,360.0,342.0,Paid,2024-06-02T00:00:00,2024-06-02T00:00:00
1301,5,241,9,2024-11-27,Standard,2,100.0,30.0,200.0,170.0,Refunded,2024-11-27T00:00:00,2024-12-02T00:00:00
1302,59,193,9,2024-08-11,Standard,4,135.0,54.0,540.0,486.0,Paid,2024-08-11T00:00:00,2024-08-11T00:00:00
1303,41,146,7,2024-07-18,Standard,3,120.0,36.0,360.0,324.0,Refunded,2024-07-18T00:00:00,2024-07-19T00:00:00
1304,57,78,2,2024-09-16,VIP,1,75.0,11.25,75.0,63.75,Pending,2024-09-16T00:00:00,2024-09-17T00:00:00
1305,36,280,9,2025-01-17,VIP,4,180.0,72.0,720.0,648.0,Pending,2025-01-17T00:00:00,2025-01-21T00:00:00
1306,53,185,5,2024-09-14,Early Bird,1,135.0,0.0,135.0,135.0,Paid,2024-09-14T00:00:00,2024-09-15T00:00:00
1307,21,102,5,2024-10-18,VIP,2,220.0,44.0,440.0,396.0,Paid,2024-10-18T00:00:00,2024-10-22T00:00:00
1308,48,211,10,2024-03-12,Early Bird,1,90.0,0.0,90.0,90.0,Refunded,2024-03-12T00:00:00,2024-03-15T00:00:00
1309,52,290,,2024-09-15,Early Bird,5,120.0,60.0,600.0,540.0,Paid,2024-09-15T00:00:00,2024-09-19T00:00:00
1310,56,295,4,2024-04-06,VIP,3,60.0,27.0,180.0,153.0,Paid,2024-04-06T00:00:00,2024-04-11T00:00:00
1311,5,82,8,2024-10-17,Standard,1,120.0,0.0,120.0,120.0,Pending,2024-10-17T00:00:00,2024-10-20T00:00:00
1312,40,239,4,2024-08-17,Early Bird,2,40.0,12.0,80.0,68.0,Paid,2024-08-17T00:00:00,2024-08-22T00:00:00
1313,22,271,7,2024-09-08,Early Bird,2,300.0,60.0,600.0,540.0,Paid,2024-09-08T00:00:00,2024-09-11T00:00:00
1314,37,5,,2024-06-13,Premium,1,300.0,45.0,300.0,255.0,Paid,2024-06-13T00:00:00,2024-06-16T00:00:00
1315,10,235,8,2024-07-17,Premium,2,300.0,60.0,600.0,540.0,Pending,2024-07-17T00:00:00,2024-07-19T00:00:00
1316,58,106,2,2024-06-19,VIP,5,225.0,56.25,1125.0,1068.75,Paid,2024-06-19T00:00:00,2024-06-19T00:00:00
1317,2,179,8,2024-07-06,Standard,5,60.0,15.0,300.0,285.0,Paid,2024-07-06T00:00:00,2024-07-08T00:00:00
1318,60,218,2,2024-08-13,VIP,2,135.0,27.0,270.0,243.0,Paid,2024-08-13T00:00:00,2024-08-14T00:00:00
1319,50,193,1,2024-11-09,Standard,1,45.0,6.75,45.0,38.25,Refunded,2024-11-09T00:00:00,2024-11-14T00:00:00
1320,55,225,7,2024-09-17,Early Bird,2,165.0,0.0,330.0,330.0,Paid,2024-09-17T00:00:00,2024-09-18T00:00:00
1321,50,260,2,2024-11-06,Standard,5,40.0,0.0,200.0,200.0,Paid,2024-11-06T00:00:00,2024-11-07T00:00:00
1322,8,98,6,2024-11-14,Premium,5,200.0,100.0,1000.0,900.0,Paid,2024-11-14T00:00:00,2024-11-18T00:00:00
1323,24,9,7,2024-07-18,Standard,3,90.0,0.0,270.0,270.0,Refunded,2024-07-18T00:00:00,2024-07-21T00:00:00
1324,26,34,4,2024-06-07,Early Bird,1,75.0,7.5,75.0,67.5,Paid,2024-06-07T00:00:00,2024-06-08T00:00:00
1325,45,166,4,2024-09-14,Standard,4,165.0,0.0,660.0,660.0,Paid,2024-09-14T00:00:00,2024-09-15T00:00:00
1326,12,241,2,2024-11-26,Standard,1,135.0,6.75,135.0,128.25,Paid,2024-11-26T00:00:00,2024-11-30T00:00:00
1327,52,215,2,2024-08-26,Premium,3,150.0,67.5,450.0,382.5,Paid,2024-08-26T00:00:00,2024-08-30T00:00:00
1328,10,16,2,2024-05-17,Early Bird,2,250.0,0.0,500.0,500.0,Paid,2024-05-17T00:00:00,2024-05-19T00:00:00
1329,26,14,,2024-07-06,VIP,3,75.0,22.5,225.0,202.5,Paid,2024-07-06T00:00:00,2024-07-09T00:00:00
1330,3,194,8,2024-09-24,Premium,2,165.0,0.0,330.0,330.0,Paid,2024-09-24T00:00:00,2024-09-24T00:00:00
1331,1,58,1,2024-08-26,Early Bird,2,60.0,18.0,120.0,102.0,Refunded,2024-08-26T00:00:00,2024-08-29T00:00:00
1332,55,1,9,2024-08-28,VIP,5,165.0,41.25,825.0,783.75,Refunded,2024-08-28T00:00:00,2024-08-31T00:00:00
1333,58,277,10,2024-06-16,VIP,3,225.0,67.5,675.0,607.5,Pending,2024-06-16T00:00:00,2024-06-21T00:00:00
1334,46,113,2,2025-01-11,Premium,4,110.0,22.0,440.0,418.0,Paid,2025-01-11T00:00:00,2025-01-12T00:00:00
1335,43,54,9,2024-09-23,Premium,1,82.5,8.25,82.5,74.25,Paid,2024-09-23T00:00:00,2024-09-25T00:00:00
1336,12,267,10,2024-11-05,VIP,3,150.0,67.5,450.0,382.5,Paid,2024-11-05T00:00:00,2024-11-07T00:00:00
1337,28,25,6,2024-07-13,Premium,2,240.0,0.0,480.0,480.0,Paid,2024-07-13T00:00:00,2024-07-13T00:00:00
1338,10,166,6,2024-05-30,Standard,1,225.0,11.25,225.0,213.75,Pending,2024-05-30T00:00:00,2024-06-02T00:00:00
1339,31,110,7,2024-05-16,Early Bird,3,45.0,20.25,135.0,114.75,Pending,2024-05-16T00:00:00,2024-05-18T00:00:00
1340,35,96,5,2024-12-29,VIP,1,50.0,5.0,50.0,45.0,Paid,2024-12-29T00:00:00,2025-01-01T00:00:00
1341,50,135,8,2024-10-15,Standard,4,40.0,16.0,160.0,144.0,Paid,2024-10-15T00:00:00,2024-10-18T00:00:00
1342,42,235,3,2024-11-13,Standard,5,45.0,0.0,225.0,225.0,Paid,2024-11-13T00:00:00,2024-11-17T00:00:00
1343,46,224,7,2024-12-17,Standard,2,100.0,20.0,200.0,180.0,Pending,2024-12-17T00:00:00,2024-12-18T00:00:00
1344,26,114,10,2024-06-12,Standard,5,67.5,16.88,337.5,320.62,Paid,2024-06-12T00:00:00,2024-06-17T00:00:00
1345,48,272,9,2024-05-25,Standard,5,120.0,30.0,600.0,570.0,Pending,2024-05-25T00:00:00,2024-05-27T00:00:00
1346,35,52,2,2025-01-25,Premium,5,45.0,22.5,225.0,202.5,Pending,2025-01-25T00:00:00,2025-01-26T00:00:00
1347,54,143,3,2024-09-21,Standard,2,240.0,72.0,480.0,408.0,Refunded,2024-09-21T00:00:00,2024-09-23T00:00:00
1348,25,165,7,2024-03-26,Premium,5,220.0,165.0,1100.0,935.0,Paid,2024-03-26T00:00:00,2024-03-26T00:00:00
1349,5,35,9,2024-11-26,Standard,5,100.0,25.0,500.0,475.0,Refunded,2024-11-26T00:00:00,2024-11-27T00:00:00
1350,10,215,2,2024-06-19,Early Bird,2,225.0,67.5,450.0,382.5,Pending,2024-06-19T00:00:00,2024-06-20T00:00:00
1351,16,72,4,2024-06-06,Early Bird,3,40.0,6.0,120.0,114.0,Paid,2024-06-06T00:00:00,2024-06-11T00:00:00
1352,48,142,2,2024-04-26,VIP,2,90.0,27.0,180.0,153.0,Paid,2024-04-26T00:00:00,2024-05-01T00:00:00
1353,8,242,10,2024-11-10,Premium,3,240.0,0.0,720.0,720.0,Refunded,2024-11-10T00:00:00,2024-11-12T00:00:00
1354,53,37,2,2024-10-06,VIP,5,180.0,135.0,900.0,765.0,Paid,2024-10-06T00:00:00,2024-10-06T00:00:00
1355,25,300,6,2024-04-03,Premium,3,160.0,72.0,480.0,408.0,Refunded,2024-04-03T00:00:00,2024-04-05T00:00:00
1356,15,254,3,2024-09-01,Early Bird,1,160.0,16.0,160.0,144.0,Refunded,2024-09-01T00:00:00,2024-09-01T00:00:00
1357,41,261,10,2024-08-17,VIP,3,100.0,30.0,300.0,270.0,Refunded,2024-08-17T00:00:00,2024-08-22T00:00:00
1358,54,249,1,2024-12-17,Premium,3,160.0,0.0,480.0,480.0,Pending,2024-12-17T00:00:00,2024-12-20T00:00:00
1359,15,288,7,2024-08-23,Early Bird,4,200.0,0.0,800.0,800.0,Pending,2024-08-23T00:00:00,2024-08-27T00:00:00
1360,56,51,9,2024-03-21,Standard,4,40.0,0.0,160.0,160.0,Paid,2024-03-21T00:00:00,2024-03-22T00:00:00
1361,24,178,,2024-07-05,Early Bird,5,82.5,61.88,412.5,350.62,Refunded,2024-07-05T00:00:00,2024-07-09T00:00:00
1362,56,14,10,2024-05-12,Premium,1,55.0,8.25,55.0,46.75,Pending,2024-05-12T00:00:00,2024-05-13T00:00:00
1363,2,15,6,2024-06-24,Early Bird,3,60.0,18.0,180.0,162.0,Paid,2024-06-24T00:00:00,2024-06-26T00:00:00
1364,53,229,4,2024-07-26,Standard,3,150.0,22.5,450.0,427.5,Paid,2024-07-26T00:00:00,2024-07-29T00:00:00
1365,45,281,8,2024-07-05,VIP,3,135.0,20.25,405.0,384.75,Refunded,2024-07-05T00:00:00,2024-07-07T00:00:00
1366,50,181,5,2024-09-11,Premium,2,55.0,0.0,110.0,110.0,Paid,2024-09-11T00:00:00,2024-09-13T00:00:00
1367,7,255,9,2024-08-02,Premium,1,110.0,11.0,110.0,99.0,Refunded,2024-08-02T00:00:00,2024-08-03T00:00:00
1368,17,186,7,2024-10-13,Premium,4,75.0,30.0,300.0,270.0,Paid,2024-10-13T00:00:00,2024-10-15T00:00:00
1369,2,287,8,2024-08-29,VIP,2,90.0,18.0,180.0,162.0,Pending,2024-08-29T00:00:00,2024-09-02T00:00:00
1370,12,47,1,2024-12-18,Early Bird,5,120.0,30.0,600.0,570.0,Paid,2024-12-18T00:00:00,2024-12-19T00:00:00
1371,46,198,2,2024-12-11,Standard,5,100.0,75.0,500.0,425.0,Paid,2024-12-11T00:00:00,2024-12-15T00:00:00
1372,37,126,,2024-07-10,Premium,3,225.0,101.25,675.0,573.75,Paid,2024-07-10T00:00:00,2024-07-10T00:00:00
1373,32,111,7,2024-10-12,Premium,2,135.0,13.5,270.0,256.5,Paid,2024-10-12T00:00:00,2024-10-14T00:00:00
1374,16,285,6,2024-09-18,Premium,5,55.0,41.25,275.0,233.75,Refunded,2024-09-18T00:00:00,2024-09-19T00:00:00
1375,55,187,4,2024-10-15,VIP,5,165.0,123.75,825.0,701.25,Refunded,2024-10-15T00:00:00,2024-10-17T00:00:00
1376,24,69,1,2024-05-25,VIP,2,75.0,15.0,150.0,135.0,Paid,2024-05-25T00:00:00,2024-05-29T00:00:00
1377,38,161,8,2024-09-30,Standard,1,90.0,13.5,90.0,76.5,Pending,2024-09-30T00:00:00,2024-10-01T00:00:00
1378,47,295,4,2024-12-05,Standard,5,180.0,135.0,900.0,765.0,Refunded,2024-12-05T00:00:00,2024-12-09T00:00:00
1379,29,12,2,2024-11-21,Early Bird,5,165.0,0.0,825.0,825.0,Pending,2024-11-21T00:00:00,2024-11-26T00:00:00
1380,4,182,1,2024-03-18,Standard,3,165.0,24.75,495.0,470.25,Paid,2024-03-18T00:00:00,2024-03-22T00:00:00
1381,17,69,6,2024-10-08,Early Bird,1,90.0,13.5,90.0,76.5,Paid,2024-10-08T00:00:00,2024-10-13T00:00:00
1382,29,292,3,2024-12-15,Early Bird,5,150.0,75.0,750.0,675.0,Paid,2024-12-15T00:00:00,2024-12-19T00:00:00
1383,44,62,5,2024-09-23,Standard,3,40.0,0.0,120.0,120.0,Pending,2024-09-23T00:00:00,2024-09-23T00:00:00
1384,34,92,9,2024-08-18,Premium,2,67.5,6.75,135.0,128.25,Paid,2024-08-18T00:00:00,2024-08-23T00:00:00
1385,60,207,1,2024-07-10,Early Bird,1,150.0,0.0,150.0,150.0,Refunded,2024-07-10T00:00:00,2024-07-13T00:00:00
1386,45,160,1,2024-07-26,VIP,2,150.0,15.0,300.0,285.0,Paid,2024-07-26T00:00:00,2024-07-31T00:00:00
1387,28,134,2,2024-05-09,Early Bird,3,220.0,0.0,660.0,660.0,Paid,2024-05-09T00:00:00,2024-05-10T00:00:00
1388,23,269,1,2024-10-15,VIP,1,100.0,15.0,100.0,85.0,Paid,2024-10-15T00:00:00,2024-10-19T00:00:00
1389,4,1,2,2024-04-30,Standard,1,150.0,0.0,150.0,150.0,Paid,2024-04-30T00:00:00,2024-05-02T00:00:00
1390,25,89,1,2024-06-10,Premium,1,240.0,24.0,240.0,216.0,Pending,2024-06-10T00:00:00,2024-06-13T00:00:00
1391,12,80,10,2024-11-30,VIP,2,150.0,0.0,300.0,300.0,Pending,2024-11-30T00:00:00,2024-12-01T00:00:00
1392,58,16,7,2024-08-14,Standard,2,300.0,30.0,600.0,570.0,Pending,2024-08-14T00:00:00,2024-08-14T00:00:00
1393,52,93,5,2024-05-25,Premium,3,150.0,0.0,450.0,450.0,Paid,2024-05-25T00:00:00,2024-05-28T00:00:00
1394,13,281,7,2024-11-03,Early Bird,2,120.0,24.0,240.0,216.0,Refunded,2024-11-03T00:00:00,2024-11-03T00:00:00
1395,43,73,5,2024-07-25,Premium,1,75.0,3.75,75.0,71.25,Refunded,2024-07-25T00:00:00,2024-07-26T00:00:00
1396,51,51,7,2024-05-30,Standard,1,100.0,0.0,100.0,100.0,Paid,2024-05-30T00:00:00,2024-06-03T00:00:00
1397,37,103,8,2024-05-08,VIP,5,300.0,225.0,1500.0,1275.0,Paid,2024-05-08T00:00:00,2024-05-09T00:00:00
1398,29,223,6,2024-10-18,Early Bird,2,150.0,45.0,300.0,255.0,Paid,2024-10-18T00:00:00,2024-10-21T00:00:00
1399,2,200,9,2024-07-12,VIP,1,75.0,11.25,75.0,63.75,Refunded,2024-07-12T00:00:00,2024-07-14T00:00:00
1400,50,46,3,2024-09-28,VIP,1,60.0,0.0,60.0,60.0,Pending,2024-09-28T00:00:00,2024-10-03T00:00:00
1401,58,274,,2024-07-28,Standard,5,225.0,112.5,1125.0,1012.5,Paid,2024-07-28T00:00:00,2024-07-30T00:00:00
1402,25,223,10,2024-06-25,Premium,3,240.0,0.0,720.0,720.0,Pending,2024-06-25T00:00:00,2024-06-27T00:00:00
1403,44,96,7,2024-09-09,Premium,1,45.0,0.0,45.0,45.0,Paid,2024-09-09T00:00:00,2024-09-09T00:00:00
1404,46,196,,2024-12-28,Premium,4,90.0,0.0,360.0,360.0,Paid,2024-12-28T00:00:00,2024-12-30T00:00:00
1405,1,117,6,2024-06-16,VIP,2,75.0,7.5,150.0,142.5,Refunded,2024-06-16T00:00:00,2024-06-16T00:00:00
1406,10,293,6,2024-08-01,VIP,5,225.0,112.5,1125.0,1012.5,Paid,2024-08-01T00:00:00,2024-08-06T00:00:00
1407,48,212,6,2024-03-15,Early Bird,3,110.0,0.0,330.0,330.0,Paid,2024-03-15T00:00:00,2024-03-16T00:00:00
1408,53,203,10,2024-07-14,Standard,4,150.0,0.0,600.0,600.0,Refunded,2024-07-14T00:00:00,2024-07-15T00:00:00
1409,43,82,1,2024-07-07,Early Bird,2,60.0,0.0,120.0,120.0,Paid,2024-07-07T00:00:00,2024-07-08T00:00:00
1410,35,275,4,2025-01-13,VIP,2,50.0,15.0,100.0,85.0,Paid,2025-01-13T00:00:00,2025-01-17T00:00:00
1411,17,285,1,2025-01-17,Early Bird,1,82.5,4.12,82.5,78.38,Paid,2025-01-17T00:00:00,2025-01-18T00:00:00
1412,34,118,1,2024-10-05,Standard,4,82.5,0.0,330.0,330.0,Refunded,2024-10-05T00:00:00,2024-10-06T00:00:00
1413,6,190,9,2024-08-30,Early Bird,1,45.0,6.75,45.0,38.25,Paid,2024-08-30T00:00:00,2024-09-02T00:00:00
1414,39,163,3,2024-10-13,Standard,1,240.0,12.0,240.0,228.0,Pending,2024-10-13T00:00:00,2024-10-13T00:00:00
1415,10,103,7,2024-07-07,Standard,3,225.0,67.5,675.0,607.5,Refunded,2024-07-07T00:00:00,2024-07-10T00:00:00
1416,10,100,2,2024-07-13,VIP,5,200.0,50.0,1000.0,950.0,Refunded,2024-07-13T00:00:00,2024-07-13T00:00:00
1417,56,83,8,2024-05-22,Premium,1,45.0,4.5,45.0,40.5,Pending,2024-05-22T00:00:00,2024-05-24T00:00:00
1418,4,87,9,2024-06-26,VIP,1,165.0,0.0,165.0,165.0,Paid,2024-06-26T00:00:00,2024-06-26T00:00:00
1419,10,2,6,2024-04-26,Standard,1,225.0,0.0,225.0,225.0,Refunded,2024-04-26T00:00:00,2024-04-30T00:00:00
1420,8,244,,2024-09-28,Early Bird,2,160.0,0.0,320.0,320.0,Paid,2024-09-28T00:00:00,2024-10-03T00:00:00
1421,40,129,9,2024-09-20,VIP,4,45.0,27.0,180.0,153.0,Refunded,2024-09-20T00:00:00,2024-09-23T00:00:00
1422,59,74,3,2024-07-17,VIP,2,165.0,33.0,330.0,297.0,Paid,2024-07-17T00:00:00,2024-07-20T00:00:00
1423,17,154,6,2024-10-10,Premium,2,75.0,0.0,150.0,150.0,Paid,2024-10-10T00:00:00,2024-10-13T00:00:00
1424,27,181,2,2024-10-15,Premium,5,90.0,67.5,450.0,382.5,Refunded,2024-10-15T00:00:00,2024-10-18T00:00:00
1425,57,238,6,2024-10-28,VIP,4,82.5,49.5,330.0,280.5,Paid,2024-10-28T00:00:00,2024-10-30T00:00:00
1426,43,112,3,2024-08-13,Premium,2,90.0,9.0,180.0,171.0,Pending,2024-08-13T00:00:00,2024-08-14T00:00:00
1427,56,210,8,2024-04-15,VIP,5,50.0,37.5,250.0,212.5,Paid,2024-04-15T00:00:00,2024-04-16T00:00:00
1428,26,212,4,2024-09-06,Standard,4,60.0,36.0,240.0,204.0,Paid,2024-09-06T00:00:00,2024-09-07T00:00:00
1429,22,227,2,2024-07-09,Standard,2,275.0,82.5,550.0,467.5,Paid,2024-07-09T00:00:00,2024-07-12T00:00:00
1430,37,206,10,2024-04-26,Premium,2,250.0,25.0,500.0,475.0,Paid,2024-04-26T00:00:00,2024-04-29T00:00:00
1431,21,272,5,2024-10-18,Standard,2,180.0,54.0,360.0,306.0,Paid,2024-10-18T00:00:00,2024-10-18T00:00:00
1432,6,161,1,2024-12-03,VIP,1,40.0,4.0,40.0,36.0,Paid,2024-12-03T00:00:00,2024-12-08T00:00:00
1433,10,162,9,2024-07-23,Early Bird,3,200.0,60.0,600.0,540.0,Refunded,2024-07-23T00:00:00,2024-07-25T00:00:00
1434,46,82,8,2025-01-01,Premium,3,100.0,0.0,300.0,300.0,Paid,2025-01-01T00:00:00,2025-01-04T00:00:00
1435,8,283,8,2024-11-08,Early Bird,5,220.0,55.0,1100.0,1045.0,Paid,2024-11-08T00:00:00,2024-11-13T00:00:00
1436,55,50,7,2024-08-27,Standard,2,120.0,12.0,240.0,228.0,Paid,2024-08-27T00:00:00,2024-08-30T00:00:00
1437,31,186,9,2024-07-16,Early Bird,4,45.0,0.0,180.0,180.0,Pending,2024-07-16T00:00:00,2024-07-20T00:00:00
1438,12,44,5,2024-12-11,VIP,1,165.0,16.5,165.0,148.5,Paid,2024-12-11T00:00:00,2024-12-12T00:00:00
1439,9,101,1,2024-10-27,VIP,3,55.0,8.25,165.0,156.75,Paid,2024-10-27T00:00:00,2024-11-01T00:00:00
1440,51,214,,2024-04-11,Premium,1,100.0,15.0,100.0,85.0,Paid,2024-04-11T00:00:00,2024-04-13T00:00:00
1441,13,164,7,2024-11-15,Premium,3,120.0,0.0,360.0,360.0,Paid,2024-11-15T00:00:00,2024-11-20T00:00:00
1442,16,173,6,2024-06-23,Standard,3,50.0,22.5,150.0,127.5,Paid,2024-06-23T00:00:00,2024-06-28T00:00:00
1443,49,17,8,2024-10-28,Premium,4,80.0,32.0,320.0,288.0,Pending,2024-10-28T00:00:00,2024-10-28T00:00:00
1444,48,241,3,2024-04-27,Early Bird,1,100.0,15.0,100.0,85.0,Refunded,2024-04-27T00:00:00,2024-04-27T00:00:00
1445,45,263,5,2024-06-30,Early Bird,3,165.0,49.5,495.0,445.5,Refunded,2024-06-30T00:00:00,2024-07-05T00:00:00
1446,22,145,7,2024-09-01,VIP,3,250.0,37.5,750.0,712.5,Paid,2024-09-01T00:00:00,2024-09-04T00:00:00
1447,59,66,,2024-08-16,Standard,1,150.0,0.0,150.0,150.0,Paid,2024-08-16T00:00:00,2024-08-16T00:00:00
1448,12,39,1,2024-12-21,Standard,1,135.0,6.75,135.0,128.25,Paid,2024-12-21T00:00:00,2024-12-26T00:00:00
1449,52,236,9,2024-08-09,VIP,5,120.0,30.0,600.0,570.0,Paid,2024-08-09T00:00:00,2024-08-13T00:00:00
1450,8,47,2,2025-01-08,Standard,2,180.0,0.0,360.0,360.0,Paid,2025-01-08T00:00:00,2025-01-11T00:00:00
1451,51,199,1,2024-04-24,VIP,2,90.0,0.0,180.0,180.0,Pending,2024-04-24T00:00:00,2024-04-25T00:00:00
1452,31,148,7,2024-05-21,Standard,2,55.0,5.5,110.0,104.5,Refunded,2024-05-21T00:00:00,2024-05-22T00:00:00
1453,33,74,4,2024-08-06,Premium,1,45.0,2.25,45.0,42.75,Paid,2024-08-06T00:00:00,2024-08-11T00:00:00
1454,49,84,3,2025-01-11,Early Bird,2,90.0,18.0,180.0,162.0,Pending,2025-01-11T00:00:00,2025-01-13T00:00:00
1455,39,129,6,2024-11-28,VIP,5,200.0,50.0,1000.0,950.0,Paid,2024-11-28T00:00:00,2024-12-02T00:00:00
1456,1,32,1,2024-07-18,Standard,3,75.0,11.25,225.0,213.75,Refunded,2024-07-18T00:00:00,2024-07-20T00:00:00
1457,58,229,1,2024-07-08,Standard,1,300.0,45.0,300.0,255.0,Paid,2024-07-08T00:00:00,2024-07-10T00:00:00
1458,38,135,9,2024-07-10,VIP,3,90.0,0.0,270.0,270.0,Refunded,2024-07-10T00:00:00,2024-07-12T00:00:00
1459,48,251,4,2024-03-28,VIP,4,100.0,60.0,400.0,340.0,Pending,2024-03-28T00:00:00,2024-04-02T00:00:00
1460,13,210,5,2024-12-21,Early Bird,5,90.0,0.0,450.0,450.0,Refunded,2024-12-21T00:00:00,2024-12-23T00:00:00
1461,60,79,7,2024-06-02,Premium,4,165.0,99.0,660.0,561.0,Refunded,2024-06-02T00:00:00,2024-06-05T00:00:00
1462,2,77,10,2024-05-24,Early Bird,2,75.0,22.5,150.0,127.5,Paid,2024-05-24T00:00:00,2024-05-24T00:00:00
1463,28,49,3,2024-05-20,Standard,2,180.0,18.0,360.0,342.0,Refunded,2024-05-20T00:00:00,2024-05-23T00:00:00
1464,10,201,7,2024-07-16,Premium,3,225.0,0.0,675.0,675.0,Paid,2024-07-16T00:00:00,2024-07-20T00:00:00
1465,18,223,6,2024-09-21,Premium,2,110.0,33.0,220.0,187.0,Refunded,2024-09-21T00:00:00,2024-09-26T00:00:00
1466,4,149,7,2024-05-26,Premium,1,120.0,12.0,120.0,108.0,Paid,2024-05-26T00:00:00,2024-05-30T00:00:00
1467,32,158,,2024-07-30,Premium,2,165.0,49.5,330.0,280.5,Paid,2024-07-30T00:00:00,2024-08-04T00:00:00
1468,20,67,9,2024-09-24,VIP,5,110.0,0.0,550.0,550.0,Paid,2024-09-24T00:00:00,2024-09-29T00:00:00
1469,24,10,1,2024-06-06,Early Bird,2,75.0,22.5,150.0,127.5,Paid,2024-06-06T00:00:00,2024-06-09T00:00:00
1470,16,244,10,2024-08-25,VIP,3,45.0,13.5,135.0,121.5,Pending,2024-08-25T00:00:00,2024-08-27T00:00:00
1471,37,294,5,2024-04-10,Premium,3,225.0,33.75,675.0,641.25,Pending,2024-04-10T00:00:00,2024-04-14T00:00:00
1472,16,161,,2024-06-08,Standard,2,55.0,16.5,110.0,93.5,Refunded,2024-06-08T00:00:00,2024-06-09T00:00:00
1473,40,137,7,2024-09-28,Standard,1,60.0,9.0,60.0,51.0,Refunded,2024-09-28T00:00:00,2024-10-01T00:00:00
1474,50,243,,2024-11-30,Premium,3,45.0,13.5,135.0,121.5,Paid,2024-11-30T00:00:00,2024-12-05T00:00:00
1475,1,75,8,2024-08-29,VIP,3,90.0,40.5,270.0,229.5,Paid,2024-08-29T00:00:00,2024-09-01T00:00:00
1476,21,62,9,2024-09-30,VIP,5,180.0,45.0,900.0,855.0,Paid,2024-09-30T00:00:00,2024-10-05T00:00:00
1477,57,193,3,2024-11-26,Early Bird,5,90.0,45.0,450.0,405.0,Paid,2024-11-26T00:00:00,2024-11-28T00:00:00
1478,17,216,,2025-01-04,Standard,2,75.0,0.0,150.0,150.0,Paid,2025-01-04T00:00:00,2025-01-07T00:00:00
1479,50,81,8,2024-08-30,Early Bird,2,55.0,16.5,110.0,93.5,Paid,2024-08-30T00:00:00,2024-08-30T00:00:00
1480,60,233,9,2024-08-07,VIP,4,150.0,30.0,600.0,570.0,Paid,2024-08-07T00:00:00,2024-08-11T00:00:00
1481,9,283,5,2024-12-04,Early Bird,1,40.0,0.0,40.0,40.0,Paid,2024-12-04T00:00:00,2024-12-05T00:00:00
1482,21,223,10,2024-09-01,VIP,4,240.0,0.0,960.0,960.0,Refunded,2024-09-01T00:00:00,2024-09-02T00:00:00
1483,21,292,9,2024-09-29,Standard,1,200.0,20.0,200.0,180.0,Pending,2024-09-29T00:00:00,2024-09-29T00:00:00
1484,47,72,1,2024-10-19,Premium,2,220.0,0.0,440.0,440.0,Paid,2024-10-19T00:00:00,2024-10-23T00:00:00
1485,11,174,5,2024-10-10,Standard,2,200.0,40.0,400.0,360.0,Refunded,2024-10-10T00:00:00,2024-10-12T00:00:00
1486,49,214,8,2025-01-12,Early Bird,4,110.0,0.0,440.0,440.0,Paid,2025-01-12T00:00:00,2025-01-16T00:00:00
1487,53,134,1,2024-10-10,Premium,2,165.0,16.5,330.0,313.5,Paid,2024-10-10T00:00:00,2024-10-10T00:00:00
1488,42,116,10,2024-08-21,Early Bird,5,40.0,0.0,200.0,200.0,Paid,2024-08-21T00:00:00,2024-08-21T00:00:00
1489,15,164,8,2024-08-01,VIP,2,180.0,18.0,360.0,342.0,Refunded,2024-08-01T00:00:00,2024-08-06T00:00:00
1490,43,13,7,2024-08-14,Early Bird,1,90.0,9.0,90.0,81.0,Pending,2024-08-14T00:00:00,2024-08-14T00:00:00
1491,3,299,3,2024-12-02,Early Bird,5,120.0,30.0,600.0,570.0,Paid,2024-12-02T00:00:00,2024-12-04T00:00:00
1492,45,109,6,2024-09-14,Premium,5,150.0,37.5,750.0,712.5,Pending,2024-09-14T00:00:00,2024-09-14T00:00:00
1493,59,192,8,2024-08-21,Early Bird,5,150.0,75.0,750.0,675.0,Paid,2024-08-21T00:00:00,2024-08-22T00:00:00
1494,49,134,5,2024-11-04,Early Bird,3,100.0,15.0,300.0,285.0,Paid,2024-11-04T00:00:00,2024-11-09T00:00:00
1495,19,95,3,2024-11-18,Standard,1,110.0,16.5,110.0,93.5,Paid,2024-11-18T00:00:00,2024-11-21T00:00:00
1496,52,110,10,2024-09-08,VIP,2,135.0,27.0,270.0,243.0,Paid,2024-09-08T00:00:00,2024-09-11T00:00:00
1497,4,262,3,2024-04-19,Standard,2,180.0,36.0,360.0,324.0,Paid,2024-04-19T00:00:00,2024-04-19T00:00:00
1498,14,199,7,2024-03-25,VIP,2,50.0,5.0,100.0,95.0,Refunded,2024-03-25T00:00:00,2024-03-28T00:00:00
1499,39,147,8,2024-10-15,Premium,2,220.0,66.0,440.0,374.0,Paid,2024-10-15T00:00:00,2024-10-19T00:00:00
1500,7,141,,2024-08-06,Standard,1,80.0,0.0,80.0,80.0,Paid,2024-08-06T00:00:00,2024-08-09T00:00:00
1501,25,189,,2024-04-17,Premium,5,180.0,0.0,900.0,900.0,Paid,2024-04-17T00:00:00,2024-04-20T00:00:00
1502,48,12,6,2024-03-19,VIP,3,80.0,24.0,240.0,216.0,Paid,2024-03-19T00:00:00,2024-03-19T00:00:00
1503,20,16,1,2024-12-02,Early Bird,3,110.0,16.5,330.0,313.5,Paid,2024-12-02T00:00:00,2024-12-02T00:00:00
1504,8,12,4,2025-01-04,Early Bird,2,220.0,44.0,440.0,396.0,Paid,2025-01-04T00:00:00,2025-01-09T00:00:00
1505,45,194,10,2024-09-05,Standard,2,120.0,36.0,240.0,204.0,Paid,2024-09-05T00:00:00,2024-09-08T00:00:00
1506,28,296,,2024-05-15,Standard,4,220.0,44.0,880.0,836.0,Paid,2024-05-15T00:00:00,2024-05-17T00:00:00
1507,46,140,,2024-12-18,Premium,4,90.0,36.0,360.0,324.0,Paid,2024-12-18T00:00:00,2024-12-23T00:00:00
1508,29,251,8,2024-10-12,Premium,1,120.0,18.0,120.0,102.0,Paid,2024-10-12T00:00:00,2024-10-14T00:00:00
1509,24,279,7,2024-09-06,Premium,5,75.0,56.25,375.0,318.75,Paid,2024-09-06T00:00:00,2024-09-11T00:00:00
1510,58,178,5,2024-08-23,Early Bird,5,300.0,75.0,1500.0,1425.0,Paid,2024-08-23T00:00:00,2024-08-27T00:00:00
1511,26,254,2,2024-08-08,Early Bird,4,75.0,30.0,300.0,270.0,Paid,2024-08-08T00:00:00,2024-08-11T00:00:00
1512,6,239,5,2024-09-19,Early Bird,3,45.0,13.5,135.0,121.5,Pending,2024-09-19T00:00:00,2024-09-24T00:00:00
1513,11,175,9,2024-09-18,Premium,1,250.0,12.5,250.0,237.5,Pending,2024-09-18T00:00:00,2024-09-19T00:00:00
1514,53,58,6,2024-07-12,Standard,2,165.0,0.0,330.0,330.0,Pending,2024-07-12T00:00:00,2024-07-12T00:00:00
1515,37,172,3,2024-07-20,Early Bird,3,300.0,45.0,900.0,855.0,Paid,2024-07-20T00:00:00,2024-07-22T00:00:00
1516,47,202,8,2024-10-03,Premium,3,240.0,108.0,720.0,612.0,Pending,2024-10-03T00:00:00,2024-10-05T00:00:00
1517,48,97,2,2024-05-18,Standard,1,90.0,13.5,90.0,76.5,Pending,2024-05-18T00:00:00,2024-05-18T00:00:00
1518,32,156,6,2024-10-22,Premium,1,150.0,7.5,150.0,142.5,Pending,2024-10-22T00:00:00,2024-10-27T00:00:00
1519,7,152,,2024-08-15,Standard,2,80.0,0.0,160.0,160.0,Paid,2024-08-15T00:00:00,2024-08-16T00:00:00
1520,53,61,7,2024-07-14,Early Bird,1,120.0,12.0,120.0,108.0,Paid,2024-07-14T00:00:00,2024-07-19T00:00:00
1521,26,192,6,2024-09-23,Premium,5,75.0,37.5,375.0,337.5,Paid,2024-09-23T00:00:00,2024-09-26T00:00:00
1522,40,252,10,2024-08-25,Standard,4,60.0,0.0,240.0,240.0,Refunded,2024-08-25T00:00:00,2024-08-27T00:00:00
1523,23,51,8,2025-01-02,Early Bird,3,110.0,49.5,330.0,280.5,Pending,2025-01-02T00:00:00,2025-01-06T00:00:00
1524,57,250,,2024-11-06,Standard,4,60.0,36.0,240.0,204.0,Refunded,2024-11-06T00:00:00,2024-11-08T00:00:00
1525,35,195,7,2025-02-12,VIP,1,45.0,0.0,45.0,45.0,Paid,2025-02-12T00:00:00,2025-02-16T00:00:00
1526,31,211,3,2024-08-29,Standard,3,50.0,22.5,150.0,127.5,Paid,2024-08-29T00:00:00,2024-09-03T00:00:00
1527,9,258,1,2024-10-31,Premium,1,60.0,9.0,60.0,51.0,Refunded,2024-10-31T00:00:00,2024-11-02T00:00:00
1528,45,300,4,2024-07-14,Standard,4,180.0,0.0,720.0,720.0,Pending,2024-07-14T00:00:00,2024-07-17T00:00:00
1529,12,149,,2024-10-14,VIP,4,150.0,30.0,600.0,570.0,Refunded,2024-10-14T00:00:00,2024-10-14T00:00:00
1530,44,128,7,2024-11-18,Standard,1,45.0,6.75,45.0,38.25,Refunded,2024-11-18T00:00:00,2024-11-23T00:00:00
1531,52,94,4,2024-06-30,Premium,2,165.0,0.0,330.0,330.0,Paid,2024-06-30T00:00:00,2024-07-05T00:00:00
1532,38,52,1,2024-06-30,Premium,4,67.5,40.5,270.0,229.5,Paid,2024-06-30T00:00:00,2024-07-01T00:00:00
1533,48,188,7,2024-04-23,Early Bird,5,80.0,60.0,400.0,340.0,Paid,2024-04-23T00:00:00,2024-04-28T00:00:00
1534,34,243,6,2024-06-17,Standard,3,90.0,0.0,270.0,270.0,Paid,2024-06-17T00:00:00,2024-06-20T00:00:00
1535,36,135,1,2024-10-31,VIP,4,160.0,0.0,640.0,640.0,Refunded,2024-10-31T00:00:00,2024-11-03T00:00:00
1536,33,83,,2024-04-11,Standard,2,45.0,0.0,90.0,90.0,Pending,2024-04-11T00:00:00,2024-04-12T00:00:00
1537,43,135,8,2024-09-08,Early Bird,4,90.0,36.0,360.0,324.0,Paid,2024-09-08T00:00:00,2024-09-13T00:00:00
1538,12,104,3,2024-11-24,Premium,4,120.0,0.0,480.0,480.0,Paid,2024-11-24T00:00:00,2024-11-25T00:00:00
1539,48,262,,2024-04-11,Standard,4,80.0,32.0,320.0,288.0,Paid,2024-04-11T00:00:00,2024-04-15T00:00:00
1540,43,71,4,2024-08-30,VIP,5,90.0,0.0,450.0,450.0,Paid,2024-08-30T00:00:00,2024-09-02T00:00:00
1541,52,110,7,2024-08-25,Standard,2,165.0,49.5,330.0,280.5,Paid,2024-08-25T00:00:00,2024-08-28T00:00:00
1542,36,66,10,2024-11-08,Premium,5,160.0,40.0,800.0,760.0,Paid,2024-11-08T00:00:00,2024-11-11T00:00:00
1543,33,212,10,2024-07-28,VIP,5,45.0,11.25,225.0,213.75,Paid,2024-07-28T00:00:00,2024-07-30T00:00:00
1544,27,15,6,2025-01-06,Premium,4,80.0,32.0,320.0,288.0,Paid,2025-01-06T00:00:00,2025-01-09T00:00:00
1545,29,261,9,2024-11-07,Early Bird,2,135.0,40.5,270.0,229.5,Paid,2024-11-07T00:00:00,2024-11-08T00:00:00
1546,39,16,6,2024-11-14,Early Bird,3,220.0,0.0,660.0,660.0,Paid,2024-11-14T00:00:00,2024-11-18T00:00:00
1547,6,202,4,2024-09-06,VIP,2,40.0,8.0,80.0,72.0,Refunded,2024-09-06T00:00:00,2024-09-11T00:00:00
1548,52,241,4,2024-05-27,Early Bird,3,150.0,45.0,450.0,405.0,Refunded,2024-05-27T00:00:00,2024-06-01T00:00:00
1549,38,173,7,2024-07-20,Standard,5,90.0,22.5,450.0,427.5,Refunded,2024-07-20T00:00:00,2024-07-22T00:00:00
1550,35,138,10,2024-12-19,VIP,5,40.0,20.0,200.0,180.0,Paid,2024-12-19T00:00:00,2024-12-23T00:00:00
1551,33,98,9,2024-07-08,VIP,3,50.0,7.5,150.0,142.5,Paid,2024-07-08T00:00:00,2024-07-09T00:00:00
1552,53,218,4,2024-09-09,Premium,5,165.0,82.5,825.0,742.5,Pending,2024-09-09T00:00:00,2024-09-10T00:00:00
1553,52,284,8,2024-06-15,VIP,3,135.0,40.5,405.0,364.5,Paid,2024-06-15T00:00:00,2024-06-18T00:00:00
1554,38,127,10,2024-08-11,Premium,2,60.0,12.0,120.0,108.0,Pending,2024-08-11T00:00:00,2024-08-16T00:00:00
1555,54,201,3,2024-12-06,Early Bird,2,220.0,44.0,440.0,396.0,Paid,2024-12-06T00:00:00,2024-12-10T00:00:00
1556,30,37,9,2024-11-08,VIP,3,180.0,54.0,540.0,486.0,Paid,2024-11-08T00:00:00,2024-11-11T00:00:00
1557,53,131,3,2024-08-12,Early Bird,4,120.0,0.0,480.0,480.0,Refunded,2024-08-12T00:00:00,2024-08-16T00:00:00
1558,38,137,3,2024-07-03,Standard,3,90.0,40.5,270.0,229.5,Refunded,2024-07-03T00:00:00,2024-07-08T00:00:00
1559,32,161,6,2024-08-25,Standard,1,165.0,24.75,165.0,140.25,Paid,2024-08-25T00:00:00,2024-08-26T00:00:00
1560,8,56,4,2024-11-30,VIP,1,160.0,0.0,160.0,160.0,Paid,2024-11-30T00:00:00,2024-11-30T00:00:00
1561,60,291,10,2024-06-08,Standard,4,135.0,0.0,540.0,540.0,Paid,2024-06-08T00:00:00,2024-06-08T00:00:00
1562,22,119,3,2024-06-30,Premium,3,250.0,112.5,750.0,637.5,Pending,2024-06-30T00:00:00,2024-07-04T00:00:00
1563,37,78,3,2024-04-15,Standard,3,300.0,90.0,900.0,810.0,Pending,2024-04-15T00:00:00,2024-04-19T00:00:00
1564,21,278,3,2024-09-10,Standard,2,180.0,54.0,360.0,306.0,Paid,2024-09-10T00:00:00,2024-09-10T00:00:00
1565,37,49,1,2024-04-17,Premium,5,250.0,187.5,1250.0,1062.5,Refunded,2024-04-17T00:00:00,2024-04-18T00:00:00
1566,16,144,3,2024-07-24,Standard,5,45.0,11.25,225.0,213.75,Paid,2024-07-24T00:00:00,2024-07-25T00:00:00
1567,43,110,7,2024-08-25,Premium,4,90.0,54.0,360.0,306.0,Paid,2024-08-25T00:00:00,2024-08-25T00:00:00
1568,27,195,6,2024-10-14,Standard,4,110.0,22.0,440.0,418.0,Pending,2024-10-14T00:00:00,2024-10-16T00:00:00
1569,14,11,5,2024-03-19,Early Bird,4,55.0,22.0,220.0,198.0,Pending,2024-03-19T00:00:00,2024-03-23T00:00:00
1570,25,74,5,2024-04-03,Standard,4,240.0,48.0,960.0,912.0,Pending,2024-04-03T00:00:00,2024-04-08T00:00:00
1571,44,161,3,2024-10-20,VIP,2,55.0,5.5,110.0,104.5,Refunded,2024-10-20T00:00:00,2024-10-22T00:00:00
1572,16,241,9,2024-06-21,Standard,3,45.0,20.25,135.0,114.75,Pending,2024-06-21T00:00:00,2024-06-22T00:00:00
1573,42,293,6,2024-08-19,VIP,1,55.0,0.0,55.0,55.0,Paid,2024-08-19T00:00:00,2024-08-22T00:00:00
1574,2,224,1,2024-07-12,VIP,4,82.5,49.5,330.0,280.5,Paid,2024-07-12T00:00:00,2024-07-13T00:00:00
1575,18,113,2,2024-09-04,Premium,3,110.0,16.5,330.0,313.5,Paid,2024-09-04T00:00:00,2024-09-07T00:00:00
1576,24,284,1,2024-09-11,Standard,2,60.0,6.0,120.0,114.0,Paid,2024-09-11T00:00:00,2024-09-11T00:00:00
1577,34,73,4,2024-06-12,Early Bird,3,82.5,12.38,247.5,235.12,Paid,2024-06-12T00:00:00,2024-06-13T00:00:00
1578,15,48,3,2024-09-15,Standard,3,180.0,0.0,540.0,540.0,Pending,2024-09-15T00:00:00,2024-09-20T00:00:00
1579,51,86,6,2024-04-11,Premium,2,100.0,30.0,200.0,170.0,Paid,2024-04-11T00:00:00,2024-04-12T00:00:00
1580,39,92,4,2024-10-20,Standard,1,160.0,0.0,160.0,160.0,Refunded,2024-10-20T00:00:00,2024-10-24T00:00:00
1581,49,5,3,2024-12-04,VIP,2,90.0,9.0,180.0,171.0,Paid,2024-12-04T00:00:00,2024-12-06T00:00:00
1582,33,70,6,2024-04-24,Premium,1,60.0,0.0,60.0,60.0,Paid,2024-04-24T00:00:00,2024-04-27T00:00:00
1583,10,143,9,2024-05-03,Early Bird,2,225.0,45.0,450.0,405.0,Paid,2024-05-03T00:00:00,2024-05-06T00:00:00
1584,12,22,10,2024-11-08,Standard,1,135.0,6.75,135.0,128.25,Refunded,2024-11-08T00:00:00,2024-11-09T00:00:00
1585,1,203,10,2024-09-03,Early Bird,4,90.0,54.0,360.0,306.0,Pending,2024-09-03T00:00:00,2024-09-06T00:00:00
1586,42,269,4,2024-09-11,Early Bird,3,60.0,27.0,180.0,153.0,Paid,2024-09-11T00:00:00,2024-09-15T00:00:00
1587,55,189,1,2024-10-18,VIP,2,120.0,12.0,240.0,228.0,Paid,2024-10-18T00:00:00,2024-10-22T00:00:00
1588,58,13,5,2024-08-18,VIP,4,275.0,110.0,1100.0,990.0,Refunded,2024-08-18T00:00:00,2024-08-19T00:00:00
1589,49,72,7,2025-01-18,VIP,2,110.0,11.0,220.0,209.0,Refunded,2025-01-18T00:00:00,2025-01-19T00:00:00
1590,10,205,7,2024-08-17,Early Bird,2,275.0,55.0,550.0,495.0,Refunded,2024-08-17T00:00:00,2024-08-19T00:00:00
1591,57,126,,2024-11-24,Premium,4,67.5,40.5,270.0,229.5,Paid,2024-11-24T00:00:00,2024-11-26T00:00:00
1592,24,222,10,2024-09-11,Standard,3,82.5,37.12,247.5,210.38,Pending,2024-09-11T00:00:00,2024-09-13T00:00:00
1593,23,246,,2024-09-22,Standard,5,120.0,90.0,600.0,510.0,Paid,2024-09-22T00:00:00,2024-09-24T00:00:00
1594,13,75,1,2024-12-11,VIP,5,90.0,0.0,450.0,450.0,Paid,2024-12-11T00:00:00,2024-12-11T00:00:00
1595,33,207,7,2024-07-10,VIP,5,50.0,0.0,250.0,250.0,Pending,2024-07-10T00:00:00,2024-07-13T00:00:00
1596,23,265,,2024-10-18,Standard,3,100.0,30.0,300.0,270.0,Refunded,2024-10-18T00:00:00,2024-10-21T00:00:00
1597,28,194,2,2024-05-24,VIP,5,160.0,0.0,800.0,800.0,Refunded,2024-05-24T00:00:00,2024-05-29T00:00:00
1598,47,48,3,2024-10-29,Early Bird,3,180.0,27.0,540.0,513.0,Paid,2024-10-29T00:00:00,2024-11-01T00:00:00
1599,15,100,2,2024-11-01,Early Bird,1,200.0,0.0,200.0,200.0,Pending,2024-11-01T00:00:00,2024-11-02T00:00:00
1600,27,1,3,2024-10-03,Standard,2,110.0,22.0,220.0,198.0,Paid,2024-10-03T00:00:00,2024-10-03T00:00:00
1601,17,85,7,2024-10-29,Early Bird,4,60.0,12.0,240.0,228.0,Paid,2024-10-29T00:00:00,2024-10-29T00:00:00
1602,43,133,7,2024-08-06,VIP,3,90.0,27.0,270.0,243.0,Paid,2024-08-06T00:00:00,2024-08-10T00:00:00
1603,10,126,9,2024-05-26,Premium,5,300.0,150.0,1500.0,1350.0,Paid,2024-05-26T00:00:00,2024-05-29T00:00:00
1604,31,208,7,2024-07-30,Standard,3,60.0,18.0,180.0,162.0,Pending,2024-07-30T00:00:00,2024-08-01T00:00:00
1605,52,115,8,2024-06-03,Premium,3,120.0,18.0,360.0,342.0,Paid,2024-06-03T00:00:00,2024-06-06T00:00:00
1606,58,205,6,2024-09-20,Early Bird,1,300.0,30.0,300.0,270.0,Pending,2024-09-20T00:00:00,2024-09-22T00:00:00
1607,20,34,10,2024-12-10,VIP,2,90.0,27.0,180.0,153.0,Paid,2024-12-10T00:00:00,2024-12-13T00:00:00
1608,26,16,7,2024-06-12,VIP,4,67.5,40.5,270.0,229.5,Paid,2024-06-12T00:00:00,2024-06-12T00:00:00
1609,20,110,9,2024-11-20,Early Bird,4,110.0,66.0,440.0,374.0,Refunded,2024-11-20T00:00:00,2024-11-21T00:00:00
1610,19,168,2,2024-12-14,Early Bird,5,90.0,45.0,450.0,405.0,Paid,2024-12-14T00:00:00,2024-12-14T00:00:00
1611,6,48,7,2024-11-25,Premium,1,45.0,6.75,45.0,38.25,Paid,2024-11-25T00:00:00,2024-11-25T00:00:00
1612,31,183,5,2024-08-11,Standard,1,45.0,4.5,45.0,40.5,Paid,2024-08-11T00:00:00,2024-08-12T00:00:00
1613,58,43,9,2024-08-31,Standard,3,200.0,0.0,600.0,600.0,Pending,2024-08-31T00:00:00,2024-08-31T00:00:00
1614,53,56,7,2024-06-25,VIP,2,135.0,40.5,270.0,229.5,Pending,2024-06-25T00:00:00,2024-06-27T00:00:00
1615,40,34,2,2024-07-24,Early Bird,5,40.0,20.0,200.0,180.0,Pending,2024-07-24T00:00:00,2024-07-26T00:00:00
1616,11,115,9,2024-10-19,VIP,5,200.0,150.0,1000.0,850.0,Paid,2024-10-19T00:00:00,2024-10-22T00:00:00
1617,55,261,5,2024-11-07,VIP,2,165.0,49.5,330.0,280.5,Paid,2024-11-07T00:00:00,2024-11-12T00:00:00
1618,46,168,4,2024-10-11,Premium,4,110.0,22.0,440.0,418.0,Paid,2024-10-11T00:00:00,2024-10-14T00:00:00
1619,10,61,,2024-05-21,Premium,2,200.0,0.0,400.0,400.0,Paid,2024-05-21T00:00:00,2024-05-24T00:00:00
1620,9,297,5,2024-12-26,Premium,1,50.0,5.0,50.0,45.0,Refunded,2024-12-26T00:00:00,2024-12-29T00:00:00
1621,27,243,3,2024-12-29,Standard,5,120.0,60.0,600.0,540.0,Paid,2024-12-29T00:00:00,2024-12-30T00:00:00
1622,26,130,,2024-08-31,Early Bird,3,60.0,0.0,180.0,180.0,Paid,2024-08-31T00:00:00,2024-09-03T00:00:00
1623,30,168,2,2024-10-23,Early Bird,4,200.0,120.0,800.0,680.0,Paid,2024-10-23T00:00:00,2024-10-27T00:00:00
1624,56,213,4,2024-04-19,Standard,2,40.0,4.0,80.0,76.0,Refunded,2024-04-19T00:00:00,2024-04-21T00:00:00
1625,10,104,4,2024-08-14,Premium,2,225.0,67.5,450.0,382.5,Refunded,2024-08-14T00:00:00,2024-08-14T00:00:00
1626,50,2,5,2024-12-23,Standard,3,50.0,15.0,150.0,135.0,Refunded,2024-12-23T00:00:00,2024-12-27T00:00:00
1627,13,201,8,2024-12-23,Premium,2,100.0,20.0,200.0,180.0,Refunded,2024-12-23T00:00:00,2024-12-28T00:00:00
1628,52,234,8,2024-09-16,Standard,4,180.0,72.0,720.0,648.0,Paid,2024-09-16T00:00:00,2024-09-18T00:00:00
1629,2,238,6,2024-07-22,Premium,5,60.0,45.0,300.0,255.0,Paid,2024-07-22T00:00:00,2024-07-26T00:00:00
1630,15,297,3,2024-09-10,VIP,3,200.0,0.0,600.0,600.0,Refunded,2024-09-10T00:00:00,2024-09-12T00:00:00
1631,1,123,7,2024-08-03,Early Bird,2,60.0,6.0,120.0,114.0,Paid,2024-08-03T00:00:00,2024-08-06T00:00:00
1632,4,257,,2024-07-01,VIP,3,180.0,81.0,540.0,459.0,Pending,2024-07-01T00:00:00,2024-07-06T00:00:00
1633,4,121,1,2024-05-08,Early Bird,5,135.0,67.5,675.0,607.5,Pending,2024-05-08T00:00:00,2024-05-13T00:00:00
1634,22,220,10,2024-08-26,Standard,5,225.0,0.0,1125.0,1125.0,Paid,2024-08-26T00:00:00,2024-08-31T00:00:00
1635,16,87,4,2024-07-21,VIP,1,40.0,2.0,40.0,38.0,Paid,2024-07-21T00:00:00,2024-07-24T00:00:00
1636,11,50,5,2024-09-16,VIP,4,225.0,45.0,900.0,855.0,Paid,2024-09-16T00:00:00,2024-09-20T00:00:00
1637,45,2,1,2024-07-16,Premium,1,120.0,6.0,120.0,114.0,Paid,2024-07-16T00:00:00,2024-07-18T00:00:00
1638,12,274,8,2025-01-23,Early Bird,4,150.0,0.0,600.0,600.0,Pending,2025-01-23T00:00:00,2025-01-23T00:00:00
1639,31,48,5,2024-06-09,VIP,5,50.0,0.0,250.0,250.0,Paid,2024-06-09T00:00:00,2024-06-12T00:00:00
1640,52,45,9,2024-08-28,Standard,5,150.0,0.0,750.0,750.0,Paid,2024-08-28T00:00:00,2024-08-29T00:00:00
1641,22,180,7,2024-08-28,Standard,5,300.0,75.0,1500.0,1425.0,Paid,2024-08-28T00:00:00,2024-08-31T00:00:00
1642,51,86,3,2024-04-15,Premium,4,80.0,48.0,320.0,272.0,Pending,2024-04-15T00:00:00,2024-04-20T00:00:00
1643,31,254,10,2024-05-26,Early Bird,5,40.0,10.0,200.0,190.0,Refunded,2024-05-26T00:00:00,2024-05-28T00:00:00
1644,42,97,7,2024-09-30,Standard,2,40.0,0.0,80.0,80.0,Pending,2024-09-30T00:00:00,2024-10-02T00:00:00
1645,2,162,,2024-06-19,Early Bird,3,75.0,33.75,225.0,191.25,Paid,2024-06-19T00:00:00,2024-06-20T00:00:00
1646,54,70,9,2025-01-06,Early Bird,5,240.0,0.0,1200.0,1200.0,Refunded,2025-01-06T00:00:00,2025-01-10T00:00:00
1647,36,163,10,2024-10-28,Premium,3,160.0,0.0,480.0,480.0,Paid,2024-10-28T00:00:00,2024-11-01T00:00:00
1648,53,154,,2024-08-28,Premium,3,120.0,0.0,360.0,360.0,Paid,2024-08-28T00:00:00,2024-08-31T00:00:00
1649,10,187,8,2024-07-15,Standard,3,275.0,0.0,825.0,825.0,Refunded,2024-07-15T00:00:00,2024-07-17T00:00:00
1650,48,168,4,2024-06-01,Premium,4,80.0,0.0,320.0,320.0,Paid,2024-06-01T00:00:00,2024-06-02T00:00:00
1651,60,59,5,2024-07-06,Standard,5,180.0,0.0,900.0,900.0,Paid,2024-07-06T00:00:00,2024-07-08T00:00:00
1652,21,41,9,2024-08-25,Premium,1,180.0,9.0,180.0,171.0,Paid,2024-08-25T00:00:00,2024-08-27T00:00:00
1653,20,296,8,2024-09-04,VIP,5,120.0,0.0,600.0,600.0,Pending,2024-09-04T00:00:00,2024-09-09T00:00:00
1654,20,48,6,2024-12-08,VIP,4,80.0,32.0,320.0,288.0,Paid,2024-12-08T00:00:00,2024-12-13T00:00:00
1655,4,245,1,2024-06-23,Standard,1,120.0,0.0,120.0,120.0,Refunded,2024-06-23T00:00:00,2024-06-25T00:00:00
1656,26,288,9,2024-07-17,Premium,1,75.0,3.75,75.0,71.25,Paid,2024-07-17T00:00:00,2024-07-19T00:00:00
1657,11,112,7,2024-12-17,Premium,5,200.0,0.0,1000.0,1000.0,Paid,2024-12-17T00:00:00,2024-12-22T00:00:00
1658,53,268,,2024-07-03,VIP,5,135.0,101.25,675.0,573.75,Pending,2024-07-03T00:00:00,2024-07-08T00:00:00
1659,50,221,,2024-09-08,Premium,2,55.0,5.5,110.0,104.5,Pending,2024-09-08T00:00:00,2024-09-13T00:00:00
1660,25,208,2,2024-06-25,Early Bird,5,200.0,100.0,1000.0,900.0,Pending,2024-06-25T00:00:00,2024-06-27T00:00:00
1661,18,255,4,2024-09-19,Standard,5,80.0,60.0,400.0,340.0,Paid,2024-09-19T00:00:00,2024-09-22T00:00:00
1662,38,298,10,2024-09-22,Standard,3,67.5,10.12,202.5,192.38,Paid,2024-09-22T00:00:00,2024-09-23T00:00:00
1663,46,203,1,2025-01-18,Premium,2,90.0,0.0,180.0,180.0,Paid,2025-01-18T00:00:00,2025-01-20T00:00:00
1664,8,212,,2024-11-03,Standard,1,180.0,0.0,180.0,180.0,Paid,2024-11-03T00:00:00,2024-11-04T00:00:00
1665,29,211,5,2025-01-05,Early Bird,2,120.0,24.0,240.0,216.0,Pending,2025-01-05T00:00:00,2025-01-10T00:00:00
1666,18,181,6,2024-08-25,Premium,2,90.0,9.0,180.0,171.0,Paid,2024-08-25T00:00:00,2024-08-28T00:00:00
1667,32,222,,2024-10-05,Early Bird,4,120.0,48.0,480.0,432.0,Paid,2024-10-05T00:00:00,2024-10-05T00:00:00
1668,51,212,3,2024-03-29,Standard,1,110.0,11.0,110.0,99.0,Paid,2024-03-29T00:00:00,2024-03-30T00:00:00
1669,19,272,7,2024-12-10,Standard,2,110.0,0.0,220.0,220.0,Pending,2024-12-10T00:00:00,2024-12-13T00:00:00
1670,23,245,4,2024-11-28,Early Bird,2,110.0,11.0,220.0,209.0,Paid,2024-11-28T00:00:00,2024-11-29T00:00:00
1671,31,249,3,2024-08-05,Early Bird,4,45.0,0.0,180.0,180.0,Paid,2024-08-05T00:00:00,2024-08-09T00:00:00
1672,33,268,5,2024-05-16,VIP,2,40.0,8.0,80.0,72.0,Paid,2024-05-16T00:00:00,2024-05-18T00:00:00
1673,56,33,,2024-04-24,Standard,5,50.0,37.5,250.0,212.5,Paid,2024-04-24T00:00:00,2024-04-26T00:00:00
1674,17,255,10,2024-10-19,Standard,2,90.0,9.0,180.0,171.0,Paid,2024-10-19T00:00:00,2024-10-19T00:00:00
1675,21,247,,2024-09-09,Premium,5,220.0,110.0,1100.0,990.0,Paid,2024-09-09T00:00:00,2024-09-09T00:00:00
1676,47,103,9,2024-12-10,Early Bird,4,200.0,80.0,800.0,720.0,Pending,2024-12-10T00:00:00,2024-12-14T00:00:00
1677,37,101,9,2024-06-05,Premium,1,275.0,41.25,275.0,233.75,Paid,2024-06-05T00:00:00,2024-06-05T00:00:00
1678,55,171,8,2024-11-07,Early Bird,3,165.0,24.75,495.0,470.25,Paid,2024-11-07T00:00:00,2024-11-10T00:00:00
1679,36,211,3,2025-01-26,Standard,1,160.0,8.0,160.0,152.0,Paid,2025-01-26T00:00:00,2025-01-29T00:00:00
1680,27,114,2,2024-11-06,Premium,1,80.0,12.0,80.0,68.0,Paid,2024-11-06T00:00:00,2024-11-08T00:00:00
1681,7,144,1,2024-11-23,Early Bird,3,80.0,36.0,240.0,204.0,Paid,2024-11-23T00:00:00,2024-11-23T00:00:00
1682,22,129,1,2024-05-22,Premium,2,300.0,0.0,600.0,600.0,Paid,2024-05-22T00:00:00,2024-05-25T00:00:00
1683,45,111,7,2024-08-20,Early Bird,5,135.0,0.0,675.0,675.0,Paid,2024-08-20T00:00:00,2024-08-20T00:00:00
1684,6,219,,2024-10-02,VIP,5,45.0,22.5,225.0,202.5,Paid,2024-10-02T00:00:00,2024-10-05T00:00:00
1685,36,293,10,2024-10-31,Standard,2,160.0,0.0,320.0,320.0,Paid,2024-10-31T00:00:00,2024-11-01T00:00:00
1686,12,101,2,2024-10-24,Premium,2,135.0,0.0,270.0,270.0,Paid,2024-10-24T00:00:00,2024-10-25T00:00:00
1687,19,69,9,2024-11-17,Standard,1,110.0,5.5,110.0,104.5,Paid,2024-11-17T00:00:00,2024-11-22T00:00:00
1688,59,222,10,2024-08-09,Premium,2,150.0,30.0,300.0,270.0,Paid,2024-08-09T00:00:00,2024-08-10T00:00:00
1689,31,273,,2024-07-16,Premium,1,45.0,4.5,45.0,40.5,Refunded,2024-07-16T00:00:00,2024-07-16T00:00:00
1690,6,213,2,2024-08-30,Standard,2,45.0,0.0,90.0,90.0,Refunded,2024-08-30T00:00:00,2024-08-31T00:00:00
1691,45,81,7,2024-06-12,Premium,2,150.0,30.0,300.0,270.0,Refunded,2024-06-12T00:00:00,2024-06-15T00:00:00
1692,12,110,4,2024-11-20,Standard,4,150.0,60.0,600.0,540.0,Paid,2024-11-20T00:00:00,2024-11-23T00:00:00
1693,19,60,9,2024-11-27,Premium,5,110.0,0.0,550.0,550.0,Paid,2024-11-27T00:00:00,2024-11-28T00:00:00
1694,48,298,6,2024-04-11,Premium,5,80.0,60.0,400.0,340.0,Paid,2024-04-11T00:00:00,2024-04-15T00:00:00
1695,12,261,,2024-11-30,Standard,2,135.0,13.5,270.0,256.5,Paid,2024-11-30T00:00:00,2024-12-04T00:00:00
1696,36,134,4,2025-01-18,VIP,3,240.0,0.0,720.0,720.0,Pending,2025-01-18T00:00:00,2025-01-19T00:00:00
1697,53,72,3,2024-09-29,Premium,1,165.0,24.75,165.0,140.25,Paid,2024-09-29T00:00:00,2024-10-03T00:00:00
1698,10,280,10,2024-06-01,Standard,4,200.0,120.0,800.0,680.0,Paid,2024-06-01T00:00:00,2024-06-04T00:00:00
1699,11,6,,2024-10-14,Standard,3,250.0,0.0,750.0,750.0,Paid,2024-10-14T00:00:00,2024-10-19T00:00:00
1700,2,98,1,2024-09-02,Early Bird,3,67.5,0.0,202.5,202.5,Paid,2024-09-02T00:00:00,2024-09-05T00:00:00
1701,51,14,10,2024-03-28,Premium,5,100.0,0.0,500.0,500.0,Paid,2024-03-28T00:00:00,2024-03-30T00:00:00
1702,25,134,4,2024-04-24,Premium,1,240.0,24.0,240.0,216.0,Paid,2024-04-24T00:00:00,2024-04-28T00:00:00
1703,53,252,4,2024-10-03,Standard,5,180.0,135.0,900.0,765.0,Paid,2024-10-03T00:00:00,2024-10-04T00:00:00
1704,53,195,5,2024-07-16,Early Bird,3,180.0,0.0,540.0,540.0,Paid,2024-07-16T00:00:00,2024-07-20T00:00:00
1705,28,134,,2024-07-01,Premium,1,160.0,0.0,160.0,160.0,Refunded,2024-07-01T00:00:00,2024-07-03T00:00:00
1706,41,77,8,2024-07-18,Early Bird,1,100.0,10.0,100.0,90.0,Refunded,2024-07-18T00:00:00,2024-07-22T00:00:00
1707,8,117,8,2024-12-16,VIP,4,180.0,72.0,720.0,648.0,Paid,2024-12-16T00:00:00,2024-12-21T00:00:00
1708,4,283,,2024-05-25,Standard,3,135.0,60.75,405.0,344.25,Refunded,2024-05-25T00:00:00,2024-05-25T00:00:00
1709,27,182,9,2024-12-18,Standard,2,110.0,33.0,220.0,187.0,Pending,2024-12-18T00:00:00,2024-12-23T00:00:00
1710,55,32,1,2024-08-24,VIP,5,135.0,33.75,675.0,641.25,Paid,2024-08-24T00:00:00,2024-08-24T00:00:00
1711,56,271,8,2024-05-28,Standard,3,60.0,0.0,180.0,180.0,Paid,2024-05-28T00:00:00,2024-06-02T00:00:00
1712,47,128,7,2024-12-16,Premium,2,240.0,72.0,480.0,408.0,Refunded,2024-12-16T00:00:00,2024-12-21T00:00:00
1713,49,125,4,2024-12-27,Premium,5,80.0,60.0,400.0,340.0,Paid,2024-12-27T00:00:00,2024-12-28T00:00:00
1714,45,293,8,2024-08-04,VIP,5,150.0,37.5,750.0,712.5,Refunded,2024-08-04T00:00:00,2024-08-06T00:00:00
1715,11,271,5,2025-01-07,Early Bird,2,275.0,27.5,550.0,522.5,Paid,2025-01-07T00:00:00,2025-01-07T00:00:00
1716,20,200,,2024-09-12,VIP,3,80.0,36.0,240.0,204.0,Refunded,2024-09-12T00:00:00,2024-09-13T00:00:00
1717,23,207,2,2024-10-01,Premium,3,100.0,0.0,300.0,300.0,Paid,2024-10-01T00:00:00,2024-10-03T00:00:00
1718,35,44,,2024-11-28,Early Bird,2,50.0,5.0,100.0,95.0,Refunded,2024-11-28T00:00:00,2024-11-30T00:00:00
1719,27,56,3,2024-10-04,VIP,3,100.0,0.0,300.0,300.0,Paid,2024-10-04T00:00:00,2024-10-08T00:00:00
1720,45,69,5,2024-07-22,Early Bird,5,135.0,67.5,675.0,607.5,Pending,2024-07-22T00:00:00,2024-07-27T00:00:00
1721,4,30,10,2024-04-15,VIP,3,120.0,36.0,360.0,324.0,Paid,2024-04-15T00:00:00,2024-04-16T00:00:00
1722,59,132,8,2024-10-13,VIP,2,150.0,15.0,300.0,285.0,Paid,2024-10-13T00:00:00,2024-10-16T00:00:00
1723,47,233,1,2024-12-21,Early Bird,2,160.0,0.0,320.0,320.0,Paid,2024-12-21T00:00:00,2024-12-25T00:00:00
1724,4,102,10,2024-04-24,Early Bird,2,135.0,0.0,270.0,270.0,Paid,2024-04-24T00:00:00,2024-04-25T00:00:00
1725,26,18,6,2024-07-04,Standard,3,67.5,0.0,202.5,202.5,Paid,2024-07-04T00:00:00,2024-07-08T00:00:00
1726,49,237,1,2024-11-17,Early Bird,4,100.0,60.0,400.0,340.0,Pending,2024-11-17T00:00:00,2024-11-22T00:00:00
1727,56,14,3,2024-05-11,Standard,1,40.0,2.0,40.0,38.0,Pending,2024-05-11T00:00:00,2024-05-11T00:00:00
1728,22,269,9,2024-06-10,Standard,4,200.0,40.0,800.0,760.0,Paid,2024-06-10T00:00:00,2024-06-15T00:00:00
1729,25,62,4,2024-06-07,Early Bird,4,220.0,88.0,880.0,792.0,Paid,2024-06-07T00:00:00,2024-06-11T00:00:00
1730,44,30,2,2024-11-10,Standard,4,50.0,20.0,200.0,180.0,Paid,2024-11-10T00:00:00,2024-11-14T00:00:00
1731,5,277,1,2024-09-16,VIP,1,120.0,12.0,120.0,108.0,Paid,2024-09-16T00:00:00,2024-09-17T00:00:00
1732,26,72,9,2024-07-19,Early Bird,4,75.0,0.0,300.0,300.0,Paid,2024-07-19T00:00:00,2024-07-20T00:00:00
1733,53,123,1,2024-07-21,Early Bird,2,135.0,13.5,270.0,256.5,Paid,2024-07-21T00:00:00,2024-07-23T00:00:00
1734,22,151,,2024-07-26,Premium,1,200.0,20.0,200.0,180.0,Pending,2024-07-26T00:00:00,2024-07-30T00:00:00
1735,27,122,5,2024-10-10,Early Bird,1,100.0,0.0,100.0,100.0,Refunded,2024-10-10T00:00:00,2024-10-13T00:00:00
1736,28,66,1,2024-05-20,Early Bird,1,240.0,0.0,240.0,240.0,Paid,2024-05-20T00:00:00,2024-05-20T00:00:00
1737,13,200,5,2024-09-30,Early Bird,1,120.0,6.0,120.0,114.0,Pending,2024-09-30T00:00:00,2024-09-30T00:00:00
1738,53,234,10,2024-07-02,Standard,1,165.0,8.25,165.0,156.75,Paid,2024-07-02T00:00:00,2024-07-07T00:00:00
1739,14,183,5,2024-06-27,Standard,2,45.0,9.0,90.0,81.0,Refunded,2024-06-27T00:00:00,2024-07-01T00:00:00
1740,36,249,7,2025-01-05,Early Bird,4,240.0,0.0,960.0,960.0,Pending,2025-01-05T00:00:00,2025-01-10T00:00:00
1741,58,21,4,2024-09-21,Standard,5,225.0,112.5,1125.0,1012.5,Paid,2024-09-21T00:00:00,2024-09-23T00:00:00
1742,58,176,3,2024-07-31,VIP,1,300.0,45.0,300.0,255.0,Paid,2024-07-31T00:00:00,2024-08-03T00:00:00
1743,56,24,6,2024-04-23,Premium,5,60.0,15.0,300.0,285.0,Paid,2024-04-23T00:00:00,2024-04-28T00:00:00
1744,24,190,10,2024-07-01,Early Bird,1,60.0,0.0,60.0,60.0,Paid,2024-07-01T00:00:00,2024-07-05T00:00:00
1745,53,147,4,2024-10-15,Premium,5,150.0,0.0,750.0,750.0,Paid,2024-10-15T00:00:00,2024-10-20T00:00:00
1746,29,294,9,2024-12-22,Early Bird,5,135.0,101.25,675.0,573.75,Pending,2024-12-22T00:00:00,2024-12-26T00:00:00
1747,52,268,1,2024-08-04,VIP,3,180.0,81.0,540.0,459.0,Paid,2024-08-04T00:00:00,2024-08-08T00:00:00
1748,51,170,2,2024-06-04,Standard,5,110.0,27.5,550.0,522.5,Paid,2024-06-04T00:00:00,2024-06-04T00:00:00
1749,50,98,2,2024-10-21,Standard,3,60.0,9.0,180.0,171.0,Paid,2024-10-21T00:00:00,2024-10-22T00:00:00
1750,19,287,9,2024-10-07,Standard,2,110.0,33.0,220.0,187.0,Refunded,2024-10-07T00:00:00,2024-10-11T00:00:00
1751,45,61,6,2024-09-22,Early Bird,5,165.0,41.25,825.0,783.75,Refunded,2024-09-22T00:00:00,2024-09-22T00:00:00
1752,42,117,8,2024-09-21,Premium,2,45.0,9.0,90.0,81.0,Paid,2024-09-21T00:00:00,2024-09-26T00:00:00
1753,43,288,10,2024-07-18,Standard,3,67.5,10.12,202.5,192.38,Paid,2024-07-18T00:00:00,2024-07-18T00:00:00
1754,58,223,9,2024-08-26,VIP,4,200.0,40.0,800.0,760.0,Paid,2024-08-26T00:00:00,2024-08-30T00:00:00
1755,52,76,8,2024-06-05,Early Bird,2,165.0,33.0,330.0,297.0,Paid,2024-06-05T00:00:00,2024-06-05T00:00:00
1756,51,209,5,2024-05-11,Standard,4,120.0,72.0,480.0,408.0,Paid,2024-05-11T00:00:00,2024-05-11T00:00:00
1757,36,271,3,2024-11-28,VIP,4,160.0,32.0,640.0,608.0,Pending,2024-11-28T00:00:00,2024-11-30T00:00:00
1758,60,205,4,2024-06-07,Premium,1,150.0,7.5,150.0,142.5,Paid,2024-06-07T00:00:00,2024-06-11T00:00:00
1759,51,21,10,2024-04-13,Standard,3,120.0,36.0,360.0,324.0,Paid,2024-04-13T00:00:00,2024-04-16T00:00:00
1760,49,201,9,2024-12-23,Early Bird,1,80.0,12.0,80.0,68.0,Paid,2024-12-23T00:00:00,2024-12-23T00:00:00
1761,8,42,1,2024-10-01,Premium,4,240.0,48.0,960.0,912.0,Pending,2024-10-01T00:00:00,2024-10-03T00:00:00
1762,53,271,6,2024-07-08,Standard,1,120.0,0.0,120.0,120.0,Pending,2024-07-08T00:00:00,2024-07-13T00:00:00
1763,18,28,5,2024-10-10,Early Bird,3,120.0,0.0,360.0,360.0,Refunded,2024-10-10T00:00:00,2024-10-11T00:00:00
1764,56,211,10,2024-04-28,Premium,5,45.0,33.75,225.0,191.25,Paid,2024-04-28T00:00:00,2024-05-03T00:00:00
1765,24,226,7,2024-08-20,Early Bird,3,75.0,0.0,225.0,225.0,Pending,2024-08-20T00:00:00,2024-08-22T00:00:00
1766,26,211,6,2024-09-04,Premium,1,82.5,4.12,82.5,78.38,Pending,2024-09-04T00:00:00,2024-09-05T00:00:00
1767,23,243,10,2025-01-03,Early Bird,5,80.0,60.0,400.0,340.0,Paid,2025-01-03T00:00:00,2025-01-04T00:00:00
1768,37,204,,2024-04-22,VIP,5,200.0,100.0,1000.0,900.0,Paid,2024-04-22T00:00:00,2024-04-23T00:00:00
1769,13,161,2,2024-12-25,VIP,4,90.0,0.0,360.0,360.0,Paid,2024-12-25T00:00:00,2024-12-26T00:00:00
1770,23,41,8,2024-09-10,Early Bird,4,80.0,48.0,320.0,272.0,Paid,2024-09-10T00:00:00,2024-09-11T00:00:00
1771,55,84,9,2024-08-27,Standard,2,120.0,0.0,240.0,240.0,Refunded,2024-08-27T00:00:00,2024-08-27T00:00:00
1772,15,240,2,2024-08-02,Early Bird,4,180.0,72.0,720.0,648.0,Pending,2024-08-02T00:00:00,2024-08-06T00:00:00
1773,23,39,7,2024-11-18,VIP,1,90.0,4.5,90.0,85.5,Paid,2024-11-18T00:00:00,2024-11-20T00:00:00
1774,38,73,,2024-10-10,Early Bird,2,90.0,18.0,180.0,162.0,Paid,2024-10-10T00:00:00,2024-10-14T00:00:00
1775,3,28,4,2024-09-14,Premium,1,165.0,16.5,165.0,148.5,Refunded,2024-09-14T00:00:00,2024-09-15T00:00:00
1776,44,56,8,2024-11-05,Premium,1,55.0,8.25,55.0,46.75,Refunded,2024-11-05T00:00:00,2024-11-10T00:00:00
1777,51,8,1,2024-05-18,Premium,5,90.0,22.5,450.0,427.5,Paid,2024-05-18T00:00:00,2024-05-21T00:00:00
1778,58,100,1,2024-06-26,VIP,5,300.0,75.0,1500.0,1425.0,Pending,2024-06-26T00:00:00,2024-06-29T00:00:00
1779,11,225,10,2024-10-28,Premium,5,250.0,187.5,1250.0,1062.5,Refunded,2024-10-28T00:00:00,2024-10-29T00:00:00
1780,56,91,8,2024-04-03,VIP,5,45.0,0.0,225.0,225.0,Refunded,2024-04-03T00:00:00,2024-04-03T00:00:00
1781,22,279,7,2024-08-19,Early Bird,5,275.0,0.0,1375.0,1375.0,Refunded,2024-08-19T00:00:00,2024-08-24T00:00:00
1782,60,255,6,2024-08-27,Premium,4,165.0,0.0,660.0,660.0,Refunded,2024-08-27T00:00:00,2024-08-31T00:00:00
1783,50,193,,2024-09-12,Premium,2,40.0,8.0,80.0,72.0,Paid,2024-09-12T00:00:00,2024-09-17T00:00:00
1784,54,82,5,2024-12-28,Standard,2,180.0,36.0,360.0,324.0,Refunded,2024-12-28T00:00:00,2025-01-02T00:00:00
1785,56,230,8,2024-04-24,Standard,3,40.0,12.0,120.0,108.0,Paid,2024-04-24T00:00:00,2024-04-27T00:00:00
1786,37,293,1,2024-07-01,Premium,1,300.0,15.0,300.0,285.0,Paid,2024-07-01T00:00:00,2024-07-05T00:00:00
1787,26,221,3,2024-07-28,VIP,5,60.0,30.0,300.0,270.0,Pending,2024-07-28T00:00:00,2024-07-28T00:00:00
1788,11,118,9,2024-12-24,Early Bird,1,250.0,0.0,250.0,250.0,Pending,2024-12-24T00:00:00,2024-12-29T00:00:00
1789,45,173,4,2024-08-23,Standard,5,150.0,37.5,750.0,712.5,Paid,2024-08-23T00:00:00,2024-08-25T00:00:00
1790,23,226,,2024-11-09,Standard,5,120.0,90.0,600.0,510.0,Paid,2024-11-09T00:00:00,2024-11-10T00:00:00
1791,16,245,6,2024-05-29,Premium,5,55.0,41.25,275.0,233.75,Pending,2024-05-29T00:00:00,2024-06-03T00:00:00
1792,12,40,6,2025-02-03,Standard,5,165.0,82.5,825.0,742.5,Refunded,2025-02-03T00:00:00,2025-02-06T00:00:00
1793,40,295,9,2024-09-01,Early Bird,4,55.0,11.0,220.0,209.0,Pending,2024-09-01T00:00:00,2024-09-04T00:00:00
1794,46,296,8,2024-10-07,Premium,2,90.0,18.0,180.0,162.0,Refunded,2024-10-07T00:00:00,2024-10-12T00:00:00
1795,3,96,6,2024-09-17,Premium,5,150.0,0.0,750.0,750.0,Paid,2024-09-17T00:00:00,2024-09-17T00:00:00
1796,45,170,6,2024-08-21,Early Bird,1,150.0,22.5,150.0,127.5,Pending,2024-08-21T00:00:00,2024-08-21T00:00:00
1797,2,91,8,2024-06-18,VIP,1,67.5,6.75,67.5,60.75,Paid,2024-06-18T00:00:00,2024-06-20T00:00:00
1798,17,202,9,2025-01-07,Premium,5,82.5,61.88,412.5,350.62,Paid,2025-01-07T00:00:00,2025-01-09T00:00:00
1799,53,127,10,2024-07-09,Premium,5,150.0,37.5,750.0,712.5,Pending,2024-07-09T00:00:00,2024-07-14T00:00:00
1800,37,280,3,2024-04-03,Standard,3,275.0,41.25,825.0,783.75,Paid,2024-04-03T00:00:00,2024-04-06T00:00:00
1801,11,173,8,2024-12-07,Early Bird,1,250.0,12.5,250.0,237.5,Paid,2024-12-07T00:00:00,2024-12-09T00:00:00
1802,25,114,9,2024-06-28,Premium,5,180.0,135.0,900.0,765.0,Paid,2024-06-28T00:00:00,2024-07-02T00:00:00
1803,39,55,8,2024-10-11,Early Bird,3,160.0,24.0,480.0,456.0,Paid,2024-10-11T00:00:00,2024-10-13T00:00:00
1804,2,287,6,2024-06-22,VIP,4,90.0,36.0,360.0,324.0,Paid,2024-06-22T00:00:00,2024-06-26T00:00:00
1805,21,4,3,2024-09-11,Premium,4,200.0,80.0,800.0,720.0,Paid,2024-09-11T00:00:00,2024-09-16T00:00:00
1806,40,247,1,2024-10-24,Early Bird,5,60.0,0.0,300.0,300.0,Paid,2024-10-24T00:00:00,2024-10-24T00:00:00
1807,13,20,4,2024-11-14,Standard,3,120.0,18.0,360.0,342.0,Paid,2024-11-14T00:00:00,2024-11-15T00:00:00
1808,26,56,7,2024-08-16,VIP,1,75.0,7.5,75.0,67.5,Paid,2024-08-16T00:00:00,2024-08-17T00:00:00
1809,7,244,6,2024-10-31,Standard,2,100.0,10.0,200.0,190.0,Paid,2024-10-31T00:00:00,2024-11-03T00:00:00
1810,29,137,9,2024-10-07,Premium,3,120.0,0.0,360.0,360.0,Paid,2024-10-07T00:00:00,2024-10-09T00:00:00
1811,50,234,2,2024-09-14,Early Bird,1,40.0,4.0,40.0,36.0,Pending,2024-09-14T00:00:00,2024-09-18T00:00:00
1812,8,31,8,2024-10-18,Premium,5,240.0,180.0,1200.0,1020.0,Refunded,2024-10-18T00:00:00,2024-10-18T00:00:00
1813,18,84,6,2024-09-04,Premium,2,90.0,18.0,180.0,162.0,Paid,2024-09-04T00:00:00,2024-09-08T00:00:00
1814,52,299,5,2024-05-28,Early Bird,4,165.0,0.0,660.0,660.0,Refunded,2024-05-28T00:00:00,2024-06-01T00:00:00
1815,29,173,7,2024-12-19,VIP,3,135.0,20.25,405.0,384.75,Paid,2024-12-19T00:00:00,2024-12-23T00:00:00
1816,41,148,5,2024-07-18,Premium,5,110.0,55.0,550.0,495.0,Pending,2024-07-18T00:00:00,2024-07-19T00:00:00
1817,20,14,5,2024-10-03,Premium,1,80.0,12.0,80.0,68.0,Paid,2024-10-03T00:00:00,2024-10-03T00:00:00
1818,3,119,9,2024-12-08,Standard,3,150.0,22.5,450.0,427.5,Paid,2024-12-08T00:00:00,2024-12-09T00:00:00
1819,42,107,1,2024-07-27,Standard,1,50.0,5.0,50.0,45.0,Paid,2024-07-27T00:00:00,2024-07-29T00:00:00
1820,31,94,8,2024-08-29,Standard,5,45.0,33.75,225.0,191.25,Paid,2024-08-29T00:00:00,2024-08-31T00:00:00
1821,19,252,6,2024-09-28,Premium,5,120.0,90.0,600.0,510.0,Refunded,2024-09-28T00:00:00,2024-10-03T00:00:00
1822,60,212,4,2024-08-14,Premium,4,165.0,99.0,660.0,561.0,Paid,2024-08-14T00:00:00,2024-08-15T00:00:00
1823,24,108,4,2024-06-01,Standard,5,67.5,33.75,337.5,303.75,Pending,2024-06-01T00:00:00,2024-06-02T00:00:00
1824,52,98,2,2024-06-09,Standard,2,180.0,0.0,360.0,360.0,Paid,2024-06-09T00:00:00,2024-06-10T00:00:00
1825,39,194,,2025-01-01,Standard,1,200.0,0.0,200.0,200.0,Paid,2025-01-01T00:00:00,2025-01-05T00:00:00
1826,16,284,3,2024-07-29,Early Bird,3,55.0,8.25,165.0,156.75,Paid,2024-07-29T00:00:00,2024-07-29T00:00:00
1827,35,234,10,2025-02-02,Premium,4,55.0,0.0,220.0,220.0,Paid,2025-02-02T00:00:00,2025-02-04T00:00:00
1828,31,137,8,2024-07-05,Early Bird,3,50.0,15.0,150.0,135.0,Paid,2024-07-05T00:00:00,2024-07-08T00:00:00
1829,10,47,2,2024-05-01,Early Bird,5,200.0,100.0,1000.0,900.0,Refunded,2024-05-01T00:00:00,2024-05-06T00:00:00
1830,36,94,8,2024-12-29,Early Bird,1,220.0,0.0,220.0,220.0,Paid,2024-12-29T00:00:00,2025-01-03T00:00:00
1831,31,227,3,2024-08-11,Premium,1,55.0,2.75,55.0,52.25,Pending,2024-08-11T00:00:00,2024-08-16T00:00:00
1832,38,80,2,2024-09-23,Premium,1,75.0,3.75,75.0,71.25,Refunded,2024-09-23T00:00:00,2024-09-24T00:00:00
1833,7,156,10,2024-08-26,Premium,4,100.0,0.0,400.0,400.0,Pending,2024-08-26T00:00:00,2024-08-30T00:00:00
1834,10,296,3,2024-07-20,Premium,2,250.0,50.0,500.0,450.0,Paid,2024-07-20T00:00:00,2024-07-24T00:00:00
1835,20,238,10,2024-11-16,Early Bird,4,80.0,48.0,320.0,272.0,Paid,2024-11-16T00:00:00,2024-11-17T00:00:00
1836,52,171,9,2024-08-02,VIP,3,135.0,0.0,405.0,405.0,Paid,2024-08-02T00:00:00,2024-08-06T00:00:00
1837,52,229,2,2024-06-14,Early Bird,4,180.0,0.0,720.0,720.0,Paid,2024-06-14T00:00:00,2024-06-15T00:00:00
1838,37,170,,2024-06-28,Premium,4,200.0,40.0,800.0,760.0,Pending,2024-06-28T00:00:00,2024-07-01T00:00:00
1839,49,168,7,2024-11-14,Premium,4,80.0,16.0,320.0,304.0,Pending,2024-11-14T00:00:00,2024-11-18T00:00:00
1840,59,51,,2024-09-04,Premium,2,135.0,13.5,270.0,256.5,Paid,2024-09-04T00:00:00,2024-09-07T00:00:00
1841,47,20,2,2024-10-09,Standard,1,240.0,12.0,240.0,228.0,Paid,2024-10-09T00:00:00,2024-10-13T00:00:00
1842,32,108,5,2024-08-24,VIP,4,180.0,108.0,720.0,612.0,Pending,2024-08-24T00:00:00,2024-08-26T00:00:00
1843,12,104,,2025-01-07,Standard,5,165.0,0.0,825.0,825.0,Paid,2025-01-07T00:00:00,2025-01-09T00:00:00
1844,16,236,1,2024-05-25,Standard,4,40.0,16.0,160.0,144.0,Paid,2024-05-25T00:00:00,2024-05-26T00:00:00
1845,14,296,2,2024-03-20,Premium,5,40.0,0.0,200.0,200.0,Pending,2024-03-20T00:00:00,2024-03-25T00:00:00
1846,23,245,3,2024-10-13,VIP,1,80.0,8.0,80.0,72.0,Pending,2024-10-13T00:00:00,2024-10-14T00:00:00
1847,4,43,7,2024-04-23,Premium,2,120.0,36.0,240.0,204.0,Pending,2024-04-23T00:00:00,2024-04-26T00:00:00
1848,6,78,,2024-09-19,Premium,1,45.0,6.75,45.0,38.25,Paid,2024-09-19T00:00:00,2024-09-20T00:00:00
1849,11,72,10,2024-12-25,Standard,4,275.0,165.0,1100.0,935.0,Paid,2024-12-25T00:00:00,2024-12-29T00:00:00
1850,50,207,6,2024-09-20,Standard,1,40.0,0.0,40.0,40.0,Paid,2024-09-20T00:00:00,2024-09-21T00:00:00
1851,3,176,2,2024-12-12,Early Bird,5,120.0,90.0,600.0,510.0,Paid,2024-12-12T00:00:00,2024-12-13T00:00:00
1852,60,99,9,2024-06-24,Early Bird,2,120.0,24.0,240.0,216.0,Refunded,2024-06-24T00:00:00,2024-06-26T00:00:00
1853,14,155,10,2024-05-02,Standard,1,45.0,6.75,45.0,38.25,Paid,2024-05-02T00:00:00,2024-05-04T00:00:00
1854,12,203,8,2025-01-25,Premium,1,150.0,0.0,150.0,150.0,Paid,2025-01-25T00:00:00,2025-01-25T00:00:00
1855,37,147,9,2024-04-26,Early Bird,3,225.0,33.75,675.0,641.25,Paid,2024-04-26T00:00:00,2024-04-26T00:00:00
1856,54,195,5,2024-10-05,Standard,5,180.0,90.0,900.0,810.0,Paid,2024-10-05T00:00:00,2024-10-06T00:00:00
1857,46,299,2,2024-10-30,Early Bird,5,120.0,60.0,600.0,540.0,Paid,2024-10-30T00:00:00,2024-10-30T00:00:00
1858,15,218,3,2024-09-09,VIP,1,180.0,18.0,180.0,162.0,Pending,2024-09-09T00:00:00,2024-09-11T00:00:00
1859,35,14,3,2025-01-08,VIP,4,50.0,10.0,200.0,190.0,Paid,2025-01-08T00:00:00,2025-01-13T00:00:00
1860,50,217,,2024-12-05,Standard,1,45.0,6.75,45.0,38.25,Paid,2024-12-05T00:00:00,2024-12-09T00:00:00
1861,11,31,4,2024-11-09,Premium,2,300.0,90.0,600.0,510.0,Pending,2024-11-09T00:00:00,2024-11-13T00:00:00
1862,4,12,9,2024-05-15,Early Bird,1,165.0,24.75,165.0,140.25,Paid,2024-05-15T00:00:00,2024-05-16T00:00:00
1863,9,164,5,2024-09-26,VIP,3,60.0,0.0,180.0,180.0,Paid,2024-09-26T00:00:00,2024-10-01T00:00:00
1864,41,128,,2024-06-09,Standard,1,90.0,9.0,90.0,81.0,Paid,2024-06-09T00:00:00,2024-06-09T00:00:00
1865,40,217,5,2024-09-23,VIP,4,55.0,33.0,220.0,187.0,Pending,2024-09-23T00:00:00,2024-09-23T00:00:00
1866,24,218,4,2024-07-23,Premium,5,75.0,37.5,375.0,337.5,Paid,2024-07-23T00:00:00,2024-07-25T00:00:00
1867,31,223,7,2024-05-18,Standard,1,45.0,4.5,45.0,40.5,Paid,2024-05-18T00:00:00,2024-05-18T00:00:00
1868,36,107,,2025-01-21,Standard,1,240.0,0.0,240.0,240.0,Refunded,2025-01-21T00:00:00,2025-01-25T00:00:00
1869,15,251,1,2024-10-25,Premium,4,220.0,88.0,880.0,792.0,Refunded,2024-10-25T00:00:00,2024-10-29T00:00:00
1870,3,188,10,2024-10-19,Early Bird,1,180.0,0.0,180.0,180.0,Paid,2024-10-19T00:00:00,2024-10-20T00:00:00
1871,38,44,7,2024-10-13,Premium,1,75.0,0.0,75.0,75.0,Pending,2024-10-13T00:00:00,2024-10-13T00:00:00
1872,27,118,7,2024-11-17,VIP,1,90.0,0.0,90.0,90.0,Paid,2024-11-17T00:00:00,2024-11-17T00:00:00
1873,53,154,7,2024-07-02,Premium,3,150.0,45.0,450.0,405.0,Refunded,2024-07-02T00:00:00,2024-07-03T00:00:00
1874,8,223,9,2024-10-17,Premium,2,160.0,0.0,320.0,320.0,Paid,2024-10-17T00:00:00,2024-10-21T00:00:00
1875,56,130,6,2024-05-11,Early Bird,3,55.0,24.75,165.0,140.25,Paid,2024-05-11T00:00:00,2024-05-12T00:00:00
1876,8,103,10,2024-11-05,Early Bird,1,200.0,10.0,200.0,190.0,Paid,2024-11-05T00:00:00,2024-11-08T00:00:00
1877,60,41,2,2024-08-10,VIP,4,165.0,99.0,660.0,561.0,Pending,2024-08-10T00:00:00,2024-08-10T00:00:00
1878,34,30,,2024-09-09,VIP,2,82.5,0.0,165.0,165.0,Refunded,2024-09-09T00:00:00,2024-09-12T00:00:00
1879,28,60,1,2024-08-17,Standard,3,200.0,0.0,600.0,600.0,Refunded,2024-08-17T00:00:00,2024-08-21T00:00:00
1880,32,11,,2024-08-16,VIP,4,120.0,48.0,480.0,432.0,Pending,2024-08-16T00:00:00,2024-08-17T00:00:00
1881,35,2,9,2024-11-17,VIP,5,40.0,20.0,200.0,180.0,Paid,2024-11-17T00:00:00,2024-11-22T00:00:00
1882,46,257,4,2025-01-15,Standard,3,90.0,0.0,270.0,270.0,Pending,2025-01-15T00:00:00,2025-01-17T00:00:00
1883,42,271,9,2024-08-02,Early Bird,5,55.0,41.25,275.0,233.75,Paid,2024-08-02T00:00:00,2024-08-07T00:00:00
1884,5,62,10,2024-12-03,Early Bird,4,120.0,72.0,480.0,408.0,Refunded,2024-12-03T00:00:00,2024-12-07T00:00:00
1885,36,51,6,2024-10-25,Premium,3,160.0,72.0,480.0,408.0,Paid,2024-10-25T00:00:00,2024-10-28T00:00:00
1886,19,120,3,2025-01-08,Premium,4,110.0,44.0,440.0,396.0,Paid,2025-01-08T00:00:00,2025-01-11T00:00:00
1887,12,292,9,2025-01-11,Standard,5,180.0,90.0,900.0,810.0,Pending,2025-01-11T00:00:00,2025-01-14T00:00:00
1888,52,72,6,2024-09-20,Standard,1,150.0,7.5,150.0,142.5,Paid,2024-09-20T00:00:00,2024-09-23T00:00:00
1889,4,46,1,2024-05-06,Early Bird,4,180.0,36.0,720.0,684.0,Paid,2024-05-06T00:00:00,2024-05-07T00:00:00
1890,43,43,8,2024-07-10,Premium,1,75.0,0.0,75.0,75.0,Paid,2024-07-10T00:00:00,2024-07-15T00:00:00
1891,45,58,2,2024-06-20,Standard,5,180.0,135.0,900.0,765.0,Refunded,2024-06-20T00:00:00,2024-06-20T00:00:00
1892,47,261,10,2024-10-03,Standard,5,240.0,120.0,1200.0,1080.0,Paid,2024-10-03T00:00:00,2024-10-07T00:00:00
1893,60,62,2,2024-07-22,Early Bird,3,150.0,22.5,450.0,427.5,Paid,2024-07-22T00:00:00,2024-07-26T00:00:00
1894,33,192,8,2024-05-04,Early Bird,2,60.0,18.0,120.0,102.0,Paid,2024-05-04T00:00:00,2024-05-08T00:00:00
1895,12,243,6,2025-01-30,VIP,1,150.0,0.0,150.0,150.0,Refunded,2025-01-30T00:00:00,2025-02-04T00:00:00
1896,6,44,9,2024-08-21,VIP,2,45.0,13.5,90.0,76.5,Pending,2024-08-21T00:00:00,2024-08-24T00:00:00
1897,6,139,10,2024-08-30,Premium,1,45.0,6.75,45.0,38.25,Pending,2024-08-30T00:00:00,2024-09-04T00:00:00
1898,28,297,6,2024-06-19,Early Bird,5,180.0,135.0,900.0,765.0,Paid,2024-06-19T00:00:00,2024-06-21T00:00:00
1899,3,46,4,2024-10-13,Early Bird,3,135.0,0.0,405.0,405.0,Paid,2024-10-13T00:00:00,2024-10-15T00:00:00
1900,28,250,2,2024-08-24,VIP,4,240.0,48.0,960.0,912.0,Pending,2024-08-24T00:00:00,2024-08-28T00:00:00
1901,15,298,7,2024-09-25,Early Bird,4,200.0,0.0,800.0,800.0,Paid,2024-09-25T00:00:00,2024-09-27T00:00:00
1902,41,193,9,2024-08-25,Early Bird,5,110.0,55.0,550.0,495.0,Pending,2024-08-25T00:00:00,2024-08-26T00:00:00
1903,47,232,4,2024-12-16,VIP,5,220.0,0.0,1100.0,1100.0,Paid,2024-12-16T00:00:00,2024-12-16T00:00:00
1904,29,198,1,2025-01-22,Premium,2,180.0,36.0,360.0,324.0,Paid,2025-01-22T00:00:00,2025-01-24T00:00:00
1905,38,280,8,2024-07-11,Premium,2,82.5,16.5,165.0,148.5,Paid,2024-07-11T00:00:00,2024-07-15T00:00:00
1906,37,257,8,2024-04-10,Premium,2,250.0,75.0,500.0,425.0,Pending,2024-04-10T00:00:00,2024-04-10T00:00:00
1907,57,78,7,2024-10-26,Early Bird,2,75.0,22.5,150.0,127.5,Pending,2024-10-26T00:00:00,2024-10-30T00:00:00
1908,5,154,1,2024-11-04,Standard,1,120.0,0.0,120.0,120.0,Paid,2024-11-04T00:00:00,2024-11-04T00:00:00
1909,38,209,3,2024-06-24,Standard,2,75.0,7.5,150.0,142.5,Paid,2024-06-24T00:00:00,2024-06-25T00:00:00
1910,31,128,2,2024-06-02,Standard,4,40.0,16.0,160.0,144.0,Paid,2024-06-02T00:00:00,2024-06-04T00:00:00
1911,36,85,,2024-11-24,VIP,1,220.0,22.0,220.0,198.0,Paid,2024-11-24T00:00:00,2024-11-26T00:00:00
1912,32,163,6,2024-10-22,Standard,3,120.0,0.0,360.0,360.0,Paid,2024-10-22T00:00:00,2024-10-27T00:00:00
1913,19,33,6,2024-12-10,Early Bird,1,120.0,18.0,120.0,102.0,Refunded,2024-12-10T00:00:00,2024-12-15T00:00:00
1914,5,276,9,2024-09-21,Standard,5,90.0,45.0,450.0,405.0,Pending,2024-09-21T00:00:00,2024-09-25T00:00:00
1915,59,75,8,2024-08-08,Standard,1,165.0,24.75,165.0,140.25,Paid,2024-08-08T00:00:00,2024-08-08T00:00:00
1916,29,168,3,2024-12-20,Premium,4,180.0,0.0,720.0,720.0,Refunded,2024-12-20T00:00:00,2024-12-25T00:00:00
1917,25,203,9,2024-06-16,Early Bird,5,220.0,55.0,1100.0,1045.0,Paid,2024-06-16T00:00:00,2024-06-20T00:00:00
1918,25,134,5,2024-05-08,VIP,3,160.0,48.0,480.0,432.0,Paid,2024-05-08T00:00:00,2024-05-08T00:00:00
1919,8,245,,2024-10-29,VIP,2,240.0,24.0,480.0,456.0,Paid,2024-10-29T00:00:00,2024-11-03T00:00:00
1920,60,243,1,2024-07-25,Standard,1,150.0,0.0,150.0,150.0,Refunded,2024-07-25T00:00:00,2024-07-30T00:00:00
1921,47,216,3,2025-01-11,VIP,2,240.0,72.0,480.0,408.0,Paid,2025-01-11T00:00:00,2025-01-14T00:00:00
1922,46,191,5,2024-11-02,Standard,2,80.0,16.0,160.0,144.0,Refunded,2024-11-02T00:00:00,2024-11-05T00:00:00
1923,1,153,2,2024-10-03,VIP,1,90.0,9.0,90.0,81.0,Paid,2024-10-03T00:00:00,2024-10-03T00:00:00
1924,19,223,8,2024-09-19,Early Bird,4,110.0,44.0,440.0,396.0,Refunded,2024-09-19T00:00:00,2024-09-22T00:00:00
1925,4,160,,2024-05-30,VIP,4,150.0,30.0,600.0,570.0,Refunded,2024-05-30T00:00:00,2024-06-01T00:00:00
1926,32,231,9,2024-08-05,VIP,4,150.0,0.0,600.0,600.0,Paid,2024-08-05T00:00:00,2024-08-06T00:00:00
1927,13,67,6,2024-10-11,Premium,5,120.0,0.0,600.0,600.0,Paid,2024-10-11T00:00:00,2024-10-13T00:00:00
1928,52,173,6,2024-08-01,VIP,4,135.0,27.0,540.0,513.0,Paid,2024-08-01T00:00:00,2024-08-01T00:00:00
1929,26,28,3,2024-07-06,Standard,3,90.0,27.0,270.0,243.0,Refunded,2024-07-06T00:00:00,2024-07-07T00:00:00
1930,55,93,4,2024-11-27,Early Bird,1,135.0,6.75,135.0,128.25,Refunded,2024-11-27T00:00:00,2024-11-30T00:00:00
1931,45,162,2,2024-07-02,Standard,4,150.0,90.0,600.0,510.0,Refunded,2024-07-02T00:00:00,2024-07-02T00:00:00
1932,7,191,1,2024-11-17,VIP,2,100.0,0.0,200.0,200.0,Pending,2024-11-17T00:00:00,2024-11-21T00:00:00
1933,41,243,1,2024-07-12,Early Bird,1,80.0,0.0,80.0,80.0,Refunded,2024-07-12T00:00:00,2024-07-17T00:00:00
1934,32,296,2,2024-08-30,VIP,2,135.0,0.0,270.0,270.0,Refunded,2024-08-30T00:00:00,2024-08-30T00:00:00
1935,60,135,6,2024-06-01,Premium,3,165.0,24.75,495.0,470.25,Refunded,2024-06-01T00:00:00,2024-06-01T00:00:00
1936,10,271,3,2024-05-18,VIP,1,225.0,0.0,225.0,225.0,Paid,2024-05-18T00:00:00,2024-05-23T00:00:00
1937,49,178,6,2024-09-29,Early Bird,4,100.0,20.0,400.0,380.0,Pending,2024-09-29T00:00:00,2024-09-29T00:00:00
1938,30,264,4,2024-11-06,Premium,3,180.0,54.0,540.0,486.0,Paid,2024-11-06T00:00:00,2024-11-07T00:00:00
1939,8,186,4,2024-10-22,VIP,5,180.0,90.0,900.0,810.0,Paid,2024-10-22T00:00:00,2024-10-22T00:00:00
1940,44,240,4,2024-10-14,VIP,3,50.0,15.0,150.0,135.0,Paid,2024-10-14T00:00:00,2024-10-15T00:00:00
1941,55,79,3,2024-08-30,Early Bird,1,120.0,6.0,120.0,114.0,Paid,2024-08-30T00:00:00,2024-09-03T00:00:00
1942,40,225,7,2024-08-03,Early Bird,4,60.0,0.0,240.0,240.0,Paid,2024-08-03T00:00:00,2024-08-04T00:00:00
1943,43,99,,2024-08-27,Early Bird,2,82.5,8.25,165.0,156.75,Paid,2024-08-27T00:00:00,2024-08-27T00:00:00
1944,58,199,1,2024-08-10,Premium,3,200.0,0.0,600.0,600.0,Paid,2024-08-10T00:00:00,2024-08-12T00:00:00
1945,22,118,9,2024-06-18,VIP,2,200.0,60.0,400.0,340.0,Pending,2024-06-18T00:00:00,2024-06-22T00:00:00
1946,54,118,5,2024-12-31,VIP,3,240.0,36.0,720.0,684.0,Paid,2024-12-31T00:00:00,2024-12-31T00:00:00
1947,55,226,6,2024-08-25,Early Bird,1,180.0,0.0,180.0,180.0,Pending,2024-08-25T00:00:00,2024-08-27T00:00:00
1948,33,143,2,2024-04-13,VIP,1,55.0,5.5,55.0,49.5,Paid,2024-04-13T00:00:00,2024-04-18T00:00:00
1949,24,108,8,2024-08-15,VIP,3,82.5,0.0,247.5,247.5,Paid,2024-08-15T00:00:00,2024-08-18T00:00:00
1950,39,165,,2024-11-01,Premium,2,220.0,0.0,440.0,440.0,Pending,2024-11-01T00:00:00,2024-11-01T00:00:00
1951,10,198,8,2024-06-12,Early Bird,4,300.0,120.0,1200.0,1080.0,Pending,2024-06-12T00:00:00,2024-06-16T00:00:00
1952,33,162,4,2024-04-29,Early Bird,2,60.0,0.0,120.0,120.0,Pending,2024-04-29T00:00:00,2024-05-04T00:00:00
1953,9,71,7,2024-09-29,VIP,4,40.0,16.0,160.0,144.0,Refunded,2024-09-29T00:00:00,2024-09-30T00:00:00
1954,3,90,4,2024-09-15,VIP,1,180.0,27.0,180.0,153.0,Paid,2024-09-15T00:00:00,2024-09-16T00:00:00
1955,54,267,2,2024-11-08,Premium,2,240.0,72.0,480.0,408.0,Paid,2024-11-08T00:00:00,2024-11-12T00:00:00
1956,51,201,,2024-07-07,Premium,2,80.0,24.0,160.0,136.0,Pending,2024-07-07T00:00:00,2024-07-08T00:00:00
1957,12,75,2,2024-12-02,Standard,5,120.0,30.0,600.0,570.0,Paid,2024-12-02T00:00:00,2024-12-02T00:00:00
1958,1,33,,2024-09-16,Early Bird,2,67.5,0.0,135.0,135.0,Refunded,2024-09-16T00:00:00,2024-09-19T00:00:00
1959,25,63,6,2024-07-05,Standard,1,160.0,24.0,160.0,136.0,Pending,2024-07-05T00:00:00,2024-07-05T00:00:00
1960,53,148,1,2024-09-14,Standard,2,150.0,45.0,300.0,255.0,Paid,2024-09-14T00:00:00,2024-09-18T00:00:00
1961,19,262,9,2024-09-18,Standard,3,90.0,0.0,270.0,270.0,Refunded,2024-09-18T00:00:00,2024-09-20T00:00:00
1962,27,159,5,2024-10-05,Early Bird,5,90.0,22.5,450.0,427.5,Pending,2024-10-05T00:00:00,2024-10-07T00:00:00
1963,54,9,3,2024-10-24,Early Bird,1,160.0,0.0,160.0,160.0,Refunded,2024-10-24T00:00:00,2024-10-25T00:00:00
1964,1,39,7,2024-08-23,VIP,3,75.0,33.75,225.0,191.25,Paid,2024-08-23T00:00:00,2024-08-28T00:00:00
1965,3,48,4,2024-11-02,Standard,4,165.0,99.0,660.0,561.0,Paid,2024-11-02T00:00:00,2024-11-07T00:00:00
1966,26,116,1,2024-05-30,VIP,3,75.0,0.0,225.0,225.0,Paid,2024-05-30T00:00:00,2024-06-02T00:00:00
1967,35,241,9,2025-01-13,Standard,1,55.0,5.5,55.0,49.5,Pending,2025-01-13T00:00:00,2025-01-17T00:00:00
1968,1,281,6,2024-08-23,Premium,5,67.5,50.62,337.5,286.88,Paid,2024-08-23T00:00:00,2024-08-27T00:00:00
1969,10,199,2,2024-07-02,Early Bird,5,300.0,225.0,1500.0,1275.0,Paid,2024-07-02T00:00:00,2024-07-06T00:00:00
1970,15,271,7,2024-08-29,Early Bird,4,240.0,0.0,960.0,960.0,Pending,2024-08-29T00:00:00,2024-08-29T00:00:00
1971,24,186,2,2024-09-14,Early Bird,3,90.0,40.5,270.0,229.5,Paid,2024-09-14T00:00:00,2024-09-18T00:00:00
1972,30,12,2,2024-09-23,Standard,4,160.0,32.0,640.0,608.0,Paid,2024-09-23T00:00:00,2024-09-26T00:00:00
1973,57,8,6,2024-09-22,VIP,3,82.5,12.38,247.5,235.12,Paid,2024-09-22T00:00:00,2024-09-26T00:00:00
1974,55,237,1,2024-12-20,VIP,5,150.0,37.5,750.0,712.5,Paid,2024-12-20T00:00:00,2024-12-24T00:00:00
1975,21,47,4,2024-12-01,Premium,4,220.0,132.0,880.0,748.0,Refunded,2024-12-01T00:00:00,2024-12-03T00:00:00
1976,25,283,8,2024-05-03,Premium,2,160.0,0.0,320.0,320.0,Paid,2024-05-03T00:00:00,2024-05-03T00:00:00
1977,39,137,6,2024-10-20,Premium,5,220.0,55.0,1100.0,1045.0,Paid,2024-10-20T00:00:00,2024-10-21T00:00:00
1978,39,28,7,2024-11-19,VIP,3,240.0,0.0,720.0,720.0,Paid,2024-11-19T00:00:00,2024-11-21T00:00:00
1979,59,151,10,2024-10-24,VIP,1,180.0,18.0,180.0,162.0,Refunded,2024-10-24T00:00:00,2024-10-24T00:00:00
1980,21,73,9,2024-10-22,Premium,5,180.0,0.0,900.0,900.0,Paid,2024-10-22T00:00:00,2024-10-25T00:00:00
1981,54,205,1,2025-01-18,Premium,5,160.0,0.0,800.0,800.0,Paid,2025-01-18T00:00:00,2025-01-21T00:00:00
1982,18,143,2,2024-10-14,Early Bird,4,90.0,18.0,360.0,342.0,Paid,2024-10-14T00:00:00,2024-10-18T00:00:00
1983,11,3,4,2024-09-14,Standard,5,300.0,150.0,1500.0,1350.0,Paid,2024-09-14T00:00:00,2024-09-17T00:00:00
1984,34,232,4,2024-07-18,Premium,5,67.5,16.88,337.5,320.62,Paid,2024-07-18T00:00:00,2024-07-19T00:00:00
1985,27,247,,2025-01-04,Standard,4,120.0,48.0,480.0,432.0,Paid,2025-01-04T00:00:00,2025-01-06T00:00:00
1986,36,191,9,2024-11-07,Standard,1,160.0,0.0,160.0,160.0,Pending,2024-11-07T00:00:00,2024-11-08T00:00:00
1987,55,219,2,2024-10-22,Standard,1,120.0,12.0,120.0,108.0,Paid,2024-10-22T00:00:00,2024-10-27T00:00:00
1988,24,23,3,2024-08-19,Standard,4,60.0,12.0,240.0,228.0,Refunded,2024-08-19T00:00:00,2024-08-19T00:00:00
1989,52,248,,2024-07-28,VIP,5,150.0,0.0,750.0,750.0,Paid,2024-07-28T00:00:00,2024-08-01T00:00:00
1990,37,117,4,2024-04-11,Premium,3,300.0,90.0,900.0,810.0,Pending,2024-04-11T00:00:00,2024-04-15T00:00:00
1991,30,177,6,2024-11-24,Premium,5,240.0,60.0,1200.0,1140.0,Pending,2024-11-24T00:00:00,2024-11-26T00:00:00
1992,18,264,9,2024-08-21,Premium,1,110.0,0.0,110.0,110.0,Refunded,2024-08-21T00:00:00,2024-08-22T00:00:00
1993,52,19,1,2024-08-13,VIP,5,120.0,30.0,600.0,570.0,Paid,2024-08-13T00:00:00,2024-08-13T00:00:00
1994,10,94,3,2024-07-05,Standard,5,300.0,225.0,1500.0,1275.0,Refunded,2024-07-05T00:00:00,2024-07-07T00:00:00
1995,14,124,8,2024-03-19,VIP,3,55.0,16.5,165.0,148.5,Paid,2024-03-19T00:00:00,2024-03-22T00:00:00
1996,34,220,,2024-10-02,Early Bird,4,75.0,45.0,300.0,255.0,Paid,2024-10-02T00:00:00,2024-10-06T00:00:00
1997,36,156,8,2024-12-31,Premium,3,200.0,30.0,600.0,570.0,Paid,2024-12-31T00:00:00,2025-01-01T00:00:00
1998,25,25,8,2024-03-24,VIP,3,220.0,33.0,660.0,627.0,Paid,2024-03-24T00:00:00,2024-03-24T00:00:00
1999,29,185,6,2024-10-11,Early Bird,4,150.0,0.0,600.0,600.0,Pending,2024-10-11T00:00:00,2024-10-13T00:00:00
2000,23,290,3,2024-12-26,Premium,3,110.0,16.5,330.0,313.5,Paid,2024-12-26T00:00:00,2024-12-30T00:00:00
